"state","gconcept_best","rank","day"
"Maryland","stadium",1,"Wednesday"
"Illinois","building materials store",1,"Wednesday"
"Michigan","stadium",1,"Wednesday"
"Texas","athletic field",1,"Wednesday"
"Nebraska","home goods store",1,"Wednesday"
"Mississippi","university",1,"Wednesday"
"Massachusetts","house cleaning service",1,"Wednesday"
"Oklahoma","event venue",1,"Wednesday"
"Nevada","parking garage",1,"Wednesday"
"Indiana","state government office",1,"Wednesday"
"California","salvage yard",1,"Wednesday"
"Wisconsin","home goods store",1,"Wednesday"
"Idaho","home goods store",1,"Wednesday"
"Tennessee","sports complex",1,"Wednesday"
"Iowa","antique store",1,"Wednesday"
"Colorado","swimming pool",1,"Wednesday"
"North Carolina","flea market",1,"Wednesday"
"New Mexico","art gallery",1,"Wednesday"
"Utah","home goods store",1,"Wednesday"
"New Hampshire","electronics store",1,"Wednesday"
"Arizona","tour agency",1,"Wednesday"
"New Jersey","spa",1,"Wednesday"
"South Carolina","condominium complex",1,"Wednesday"
"Kentucky","cosmetics store",1,"Wednesday"
"New York","art center",1,"Wednesday"
"Florida","record store",1,"Wednesday"
"Pennsylvania","plant nursery",1,"Wednesday"
"Vermont","brewery",1,"Wednesday"
"Minnesota","home goods store",1,"Wednesday"
"Georgia","beer store",1,"Wednesday"
"Oregon","book store",1,"Wednesday"
"Delaware","shopping center",1,"Wednesday"
"Louisiana","sports bar",1,"Wednesday"
"Connecticut","farm",1,"Wednesday"
"Hawaii","recreation center",1,"Wednesday"
"Alabama","university",1,"Wednesday"
"Maine","historical landmark",1,"Wednesday"
"Ohio","car race track",1,"Wednesday"
"Virginia","pet store",1,"Wednesday"
"North Dakota","home improvement store",1,"Wednesday"
"District of Columbia","federal government office",1,"Wednesday"
"Kansas","stadium",1,"Wednesday"
"Washington","rest stop",1,"Wednesday"
"South Dakota","park",1,"Wednesday"
"Arkansas","supermarket",1,"Wednesday"
"West Virginia","electronics store",1,"Wednesday"
"Rhode Island","park",1,"Wednesday"
"Illinois","boat rental service",1,"Thursday"
"Georgia","school",1,"Thursday"
"Oklahoma","place of worship",1,"Thursday"
"Indiana","state government office",1,"Thursday"
"Texas","cultural center",1,"Thursday"
"Virginia","stadium",1,"Thursday"
"Michigan","stadium",1,"Thursday"
"Colorado","swimming pool",1,"Thursday"
"Florida","university",1,"Thursday"
"New Mexico","historical landmark",1,"Thursday"
"Utah","religious organization",1,"Thursday"
"Wisconsin","plant nursery",1,"Thursday"
"Massachusetts","used car dealer",1,"Thursday"
"New York","county government office",1,"Thursday"
"Pennsylvania","electric vehicle charging station",1,"Thursday"
"South Carolina","city government office",1,"Thursday"
"Connecticut","farm",1,"Thursday"
"Alabama","university",1,"Thursday"
"Nevada","transportation service",1,"Thursday"
"Arizona","car stereo store",1,"Thursday"
"Minnesota","state park",1,"Thursday"
"Mississippi","flea market",1,"Thursday"
"North Carolina","vacation home rental agency",1,"Thursday"
"Tennessee","flea market",1,"Thursday"
"Missouri","golf course",1,"Thursday"
"Maine","historical landmark",1,"Thursday"
"Nebraska","home improvement store",1,"Thursday"
"New Hampshire","park",1,"Thursday"
"Oregon","winery",1,"Thursday"
"Louisiana","parking lot",1,"Thursday"
"Kentucky","golf course",1,"Thursday"
"Rhode Island","historical landmark",1,"Thursday"
"Delaware","cell phone store",1,"Thursday"
"Iowa","home improvement store",1,"Thursday"
"Kansas","stadium",1,"Thursday"
"Idaho","resort hotel",1,"Thursday"
"New Jersey","spa",1,"Thursday"
"Vermont","american restaurant",1,"Thursday"
"Ohio","hiking area",1,"Thursday"
"South Dakota","american restaurant",1,"Thursday"
"North Dakota","home improvement store",1,"Thursday"
"California","soccer store",1,"Thursday"
"District of Columbia","federal government office",1,"Thursday"
"Hawaii","bed and breakfast",1,"Thursday"
"West Virginia","coffee shop",1,"Thursday"
"Washington","bus company",1,"Thursday"
"Maryland","farm",1,"Thursday"
"Montana","brewery",1,"Thursday"
"Idaho","general contractor",1,"Friday"
"South Carolina","city government office",1,"Friday"
"Illinois","boat rental service",1,"Friday"
"New York","music venue",1,"Friday"
"Kentucky","stadium",1,"Friday"
"Michigan","stadium",1,"Friday"
"Alabama","university",1,"Friday"
"Massachusetts","cultural center",1,"Friday"
"Kansas","stadium",1,"Friday"
"Oklahoma","school",1,"Friday"
"Washington","stadium",1,"Friday"
"Minnesota","business center",1,"Friday"
"Louisiana","stadium",1,"Friday"
"Texas","cultural center",1,"Friday"
"Hawaii","recreation center",1,"Friday"
"Indiana","state government office",1,"Friday"
"Arizona","skateboard park",1,"Friday"
"Connecticut","golf course",1,"Friday"
"North Carolina","hiking area",1,"Friday"
"Utah","religious organization",1,"Friday"
"New Jersey","historical landmark",1,"Friday"
"West Virginia","sandwich shop",1,"Friday"
"Colorado","swimming pool",1,"Friday"
"New Hampshire","park",1,"Friday"
"Nevada","vietnamese restaurant",1,"Friday"
"Florida","athletic field",1,"Friday"
"New Mexico","art gallery",1,"Friday"
"California","city courthouse",1,"Friday"
"Rhode Island","historical landmark",1,"Friday"
"Oregon","feed store",1,"Friday"
"Pennsylvania","auction house",1,"Friday"
"Missouri","stadium",1,"Friday"
"Tennessee","stadium",1,"Friday"
"Maine","historical landmark",1,"Friday"
"Vermont","bakery",1,"Friday"
"Maryland","pub",1,"Friday"
"District of Columbia","shopping center",1,"Friday"
"Delaware","bus station",1,"Friday"
"Mississippi","auto parts store",1,"Friday"
"Wisconsin","butcher shop",1,"Friday"
"Arkansas","university",1,"Friday"
"Georgia","garden center",1,"Friday"
"Nebraska","park",1,"Friday"
"Virginia","nature preserve",1,"Friday"
"Ohio","historical landmark",1,"Friday"
"Iowa","antique store",1,"Friday"
"North Dakota","liquor store",1,"Friday"
"South Dakota","coffee shop",1,"Friday"
"Idaho","general contractor",1,"Overall"
"Illinois","boat rental service",1,"Overall"
"South Carolina","city government office",1,"Overall"
"Michigan","stadium",1,"Overall"
"Indiana","state government office",1,"Overall"
"New York","music venue",1,"Overall"
"Alabama","university",1,"Overall"
"Oklahoma","school",1,"Overall"
"Georgia","school",1,"Overall"
"Maryland","stadium",1,"Overall"
"Kansas","stadium",1,"Overall"
"Texas","cultural center",1,"Overall"
"Massachusetts","cultural center",1,"Overall"
"Colorado","swimming pool",1,"Overall"
"New Mexico","art gallery",1,"Overall"
"Utah","religious organization",1,"Overall"
"Florida","university",1,"Overall"
"Nevada","parking garage",1,"Overall"
"Pennsylvania","electric vehicle charging station",1,"Overall"
"Wisconsin","plant nursery",1,"Overall"
"Virginia","stadium",1,"Overall"
"North Carolina","vacation home rental agency",1,"Overall"
"Connecticut","farm",1,"Overall"
"Arizona","car stereo store",1,"Overall"
"Kentucky","stadium",1,"Overall"
"Louisiana","stadium",1,"Overall"
"Minnesota","art center",1,"Overall"
"Maine","historical landmark",1,"Overall"
"Oregon","feed store",1,"Overall"
"Hawaii","recreation center",1,"Overall"
"Tennessee","car race track",1,"Overall"
"California","city courthouse",1,"Overall"
"New Hampshire","electronics store",1,"Overall"
"Delaware","electronics store",1,"Overall"
"Nebraska","home improvement store",1,"Overall"
"West Virginia","sandwich shop",1,"Overall"
"Rhode Island","historical landmark",1,"Overall"
"Missouri","golf course",1,"Overall"
"Iowa","home improvement store",1,"Overall"
"District of Columbia","federal government office",1,"Overall"
"Mississippi","coffee shop",1,"Overall"
"Vermont","pizza restaurant",1,"Overall"
"North Dakota","home improvement store",1,"Overall"
"Ohio","car race track",1,"Overall"
"Washington","bus company",1,"Overall"
"South Dakota","american restaurant",1,"Overall"
"Texas","city hall",2,"Wednesday"
"Oklahoma","place of worship",2,"Wednesday"
"Michigan","hot dog restaurant",2,"Wednesday"
"Illinois","dessert shop",2,"Wednesday"
"Nevada","vietnamese restaurant",2,"Wednesday"
"Maryland","beer store",2,"Wednesday"
"Indiana","farm",2,"Wednesday"
"New Hampshire","shopping center",2,"Wednesday"
"California","american restaurant",2,"Wednesday"
"Wisconsin","plant nursery",2,"Wednesday"
"Arizona","car stereo store",2,"Wednesday"
"New Jersey","mattress store",2,"Wednesday"
"New York","cake shop",2,"Wednesday"
"Florida","club",2,"Wednesday"
"Colorado","railroad company",2,"Wednesday"
"Pennsylvania","electric vehicle charging station",2,"Wednesday"
"Nebraska","park",2,"Wednesday"
"North Carolina","plant nursery",2,"Wednesday"
"Utah","tourist attraction",2,"Wednesday"
"Massachusetts","historical landmark",2,"Wednesday"
"South Carolina","city government office",2,"Wednesday"
"Delaware","electronics store",2,"Wednesday"
"New Mexico","historical landmark",2,"Wednesday"
"Louisiana","cafe",2,"Wednesday"
"Iowa","electronics store",2,"Wednesday"
"Tennessee","flea market",2,"Wednesday"
"Mississippi","liquor store",2,"Wednesday"
"Alabama","office supply store",2,"Wednesday"
"Minnesota","game store",2,"Wednesday"
"Maine","seafood restaurant",2,"Wednesday"
"Kansas","cosmetics store",2,"Wednesday"
"District of Columbia","gift shop",2,"Wednesday"
"Kentucky","furniture store",2,"Wednesday"
"Oregon","seafood restaurant",2,"Wednesday"
"Washington","garden",2,"Wednesday"
"Vermont","gas station",2,"Wednesday"
"Connecticut","bridal shop",2,"Wednesday"
"Missouri","home improvement store",1,"Wednesday"
"Arkansas","resort hotel",2,"Wednesday"
"Virginia","marina",2,"Wednesday"
"Georgia","school",2,"Wednesday"
"Idaho","park",2,"Wednesday"
"Ohio","office supply store",2,"Wednesday"
"Hawaii","store",2,"Wednesday"
"West Virginia","coffee shop",2,"Wednesday"
"South Dakota","shopping center",2,"Wednesday"
"North Dakota","liquor store",2,"Wednesday"
"Rhode Island","liquor store",2,"Wednesday"
"Illinois","building materials store",2,"Thursday"
"Michigan","farm equipment supplier",2,"Thursday"
"Oklahoma","school",2,"Thursday"
"Massachusetts","house cleaning service",2,"Thursday"
"New Mexico","art gallery",2,"Thursday"
"Texas","athletic field",2,"Thursday"
"Pennsylvania","railroad company",2,"Thursday"
"South Carolina","sports complex",2,"Thursday"
"New York","music venue",2,"Thursday"
"Nevada","parking garage",2,"Thursday"
"North Carolina","soccer field",2,"Thursday"
"Minnesota","art center",2,"Thursday"
"Wisconsin","state park",2,"Thursday"
"Maine","diner",2,"Thursday"
"Tennessee","car race track",2,"Thursday"
"Connecticut","bridal shop",2,"Thursday"
"Oregon","historical landmark",2,"Thursday"
"Florida","club",2,"Thursday"
"Utah","lodge",2,"Thursday"
"Louisiana","light rail station",2,"Thursday"
"Alabama","condominium complex",2,"Thursday"
"Arizona","place of worship",2,"Thursday"
"Iowa","park",2,"Thursday"
"Delaware","electronics store",2,"Thursday"
"Idaho","park",2,"Thursday"
"New Hampshire","mexican restaurant",2,"Thursday"
"Nebraska","park",2,"Thursday"
"New Jersey","playground",2,"Thursday"
"Missouri","golf club",2,"Thursday"
"Georgia","garden center",2,"Thursday"
"Kansas","home improvement store",2,"Thursday"
"Ohio","historical landmark",2,"Thursday"
"Indiana","farm",2,"Thursday"
"Mississippi","coffee shop",2,"Thursday"
"Vermont","bakery",2,"Thursday"
"California","cabin rental agency",2,"Thursday"
"North Dakota","liquor store",2,"Thursday"
"South Dakota","coffee shop",2,"Thursday"
"Rhode Island","electronics store",2,"Thursday"
"Arkansas","chinese restaurant",1,"Thursday"
"District of Columbia","bakery",2,"Thursday"
"Virginia","hookah bar",2,"Thursday"
"West Virginia","sandwich shop",2,"Thursday"
"Kentucky","vaporizer store",2,"Thursday"
"Maryland","golf course",2,"Thursday"
"Washington","garden center",2,"Thursday"
"Hawaii","place of worship",2,"Thursday"
"New York","car race track",2,"Friday"
"Oklahoma","stadium",2,"Friday"
"Massachusetts","city hall",2,"Friday"
"Illinois","performing arts group",2,"Friday"
"North Carolina","vacation home rental agency",2,"Friday"
"Connecticut","bridal shop",2,"Friday"
"Minnesota","art center",2,"Friday"
"Louisiana","parking garage",2,"Friday"
"Florida","event management company",2,"Friday"
"West Virginia","fast food restaurant",2,"Friday"
"New Mexico","historical landmark",2,"Friday"
"Nevada","parking garage",2,"Friday"
"Texas","rodeo",2,"Friday"
"Arizona","historical landmark",2,"Friday"
"Hawaii","bed and breakfast",2,"Friday"
"Pennsylvania","game store",2,"Friday"
"New Jersey","stadium",2,"Friday"
"California","athletic field",2,"Friday"
"Rhode Island","park",2,"Friday"
"Utah","tourist attraction",2,"Friday"
"Tennessee","car race track",2,"Friday"
"Maine","park",2,"Friday"
"Missouri","museum",2,"Friday"
"Alabama","condominium complex",2,"Friday"
"South Carolina","historical landmark",2,"Friday"
"Oregon","winery",2,"Friday"
"Michigan","plant nursery",2,"Friday"
"New Hampshire","seafood restaurant",2,"Friday"
"Indiana","night club",2,"Friday"
"Delaware","cell phone store",2,"Friday"
"Wisconsin","plant nursery",2,"Friday"
"Washington","market",2,"Friday"
"Georgia","mosque",2,"Friday"
"Maryland","golf course",2,"Friday"
"Vermont","pizza restaurant",2,"Friday"
"Kentucky","cemetery",2,"Friday"
"Kansas","park",2,"Friday"
"Virginia","parking lot",2,"Friday"
"Idaho","park",2,"Friday"
"Mississippi","coffee shop",2,"Friday"
"Arkansas","museum",2,"Friday"
"Iowa","breakfast restaurant",2,"Friday"
"District of Columbia","store",2,"Friday"
"Ohio","motorcycle dealer",2,"Friday"
"Nebraska","home improvement store",2,"Friday"
"South Dakota","american restaurant",2,"Friday"
"Illinois","building materials store",2,"Overall"
"Oklahoma","place of worship",2,"Overall"
"Michigan","farm equipment supplier",2,"Overall"
"New York","county government office",2,"Overall"
"Texas","athletic field",2,"Overall"
"New Mexico","historical landmark",2,"Overall"
"Massachusetts","house cleaning service",2,"Overall"
"Nevada","vietnamese restaurant",2,"Overall"
"Pennsylvania","auction house",2,"Overall"
"South Carolina","condominium complex",2,"Overall"
"Utah","tourist attraction",2,"Overall"
"Connecticut","bridal shop",2,"Overall"
"Louisiana","parking lot",2,"Overall"
"Florida","event management company",2,"Overall"
"Tennessee","flea market",2,"Overall"
"Minnesota","business center",2,"Overall"
"New Hampshire","park",2,"Overall"
"North Carolina","tree farm",2,"Overall"
"Oregon","winery",2,"Overall"
"Alabama","condominium complex",2,"Overall"
"Arizona","tour agency",2,"Overall"
"Nebraska","park",2,"Overall"
"Delaware","cell phone store",2,"Overall"
"Maine","park",2,"Overall"
"New Jersey","historical landmark",1,"Overall"
"Indiana","farm",2,"Overall"
"California","salvage yard",2,"Overall"
"Idaho","park",2,"Overall"
"Kentucky","golf course",2,"Overall"
"West Virginia","coffee shop",2,"Overall"
"Wisconsin","butcher shop",2,"Overall"
"Vermont","bakery",2,"Overall"
"Georgia","garden center",2,"Overall"
"Rhode Island","park",2,"Overall"
"Kansas","home improvement store",2,"Overall"
"Maryland","beer store",2,"Overall"
"Mississippi","liquor store",2,"Overall"
"Iowa","park",2,"Overall"
"North Dakota","liquor store",2,"Overall"
"Hawaii","bed and breakfast",2,"Overall"
"Virginia","museum",2,"Overall"
"Arkansas","american restaurant",1,"Overall"
"Ohio","historical landmark",2,"Overall"
"Washington","stadium",2,"Overall"
"District of Columbia","store",2,"Overall"
"South Dakota","coffee shop",2,"Overall"
"Michigan","farm equipment supplier",3,"Wednesday"
"Nevada","thai restaurant",3,"Wednesday"
"Illinois","performing arts group",3,"Wednesday"
"Wisconsin","banquet hall",3,"Wednesday"
"California","general store",3,"Wednesday"
"Oklahoma","cosmetics store",3,"Wednesday"
"Texas","family restaurant",3,"Wednesday"
"New Hampshire","furniture store",3,"Wednesday"
"North Carolina","tree farm",3,"Wednesday"
"Arizona","mattress store",3,"Wednesday"
"New Mexico","gift shop",3,"Wednesday"
"Florida","event management company",3,"Wednesday"
"Delaware","shoe store",3,"Wednesday"
"New York","storage facility",3,"Wednesday"
"Utah","lodge",3,"Wednesday"
"Pennsylvania","greenhouse",3,"Wednesday"
"Indiana","cosmetics store",3,"Wednesday"
"Nebraska","home improvement store",3,"Wednesday"
"South Carolina","cosmetics store",3,"Wednesday"
"Louisiana","light rail station",3,"Wednesday"
"Tennessee","car race track",3,"Wednesday"
"New Jersey","retirement community",3,"Wednesday"
"Massachusetts","hiking area",3,"Wednesday"
"Minnesota","art center",3,"Wednesday"
"Iowa","home goods store",3,"Wednesday"
"Alabama","condominium complex",3,"Wednesday"
"Mississippi","breakfast restaurant",3,"Wednesday"
"Kentucky","supermarket",3,"Wednesday"
"Maryland","family restaurant",3,"Wednesday"
"Oregon","jewelry store",3,"Wednesday"
"Missouri","cosmetics store",2,"Wednesday"
"Arkansas","american restaurant",3,"Wednesday"
"Vermont","coffee shop",3,"Wednesday"
"Georgia","tree farm",3,"Wednesday"
"Maine","drugstore",3,"Wednesday"
"Virginia","outdoor sports store",3,"Wednesday"
"Connecticut","thrift store",3,"Wednesday"
"Washington","seafood market",3,"Wednesday"
"Ohio","cosmetics store",3,"Wednesday"
"Kansas","supermarket",3,"Wednesday"
"Idaho","movie theater",3,"Wednesday"
"West Virginia","family restaurant",3,"Wednesday"
"District of Columbia","museum",3,"Wednesday"
"Hawaii","shoe store",3,"Wednesday"
"South Dakota","department store",3,"Wednesday"
"Illinois","place of worship",3,"Thursday"
"Michigan","plant nursery",3,"Thursday"
"Colorado","railroad company",2,"Thursday"
"Pennsylvania","auction house",3,"Thursday"
"Massachusetts","city hall",3,"Thursday"
"New Mexico","gift shop",3,"Thursday"
"New York","art center",3,"Thursday"
"Maine","park",3,"Thursday"
"Texas","ballroom",3,"Thursday"
"North Carolina","art gallery",3,"Thursday"
"Nevada","parking lot",3,"Thursday"
"South Carolina","condominium complex",3,"Thursday"
"Wisconsin","car wash",3,"Thursday"
"Utah","motel",3,"Thursday"
"Connecticut","state park",3,"Thursday"
"Minnesota","dog park",3,"Thursday"
"Oregon","vineyard",3,"Thursday"
"Louisiana","parking garage",3,"Thursday"
"Florida","event management company",3,"Thursday"
"New Hampshire","cell phone store",3,"Thursday"
"Idaho","general contractor",3,"Thursday"
"New Jersey","bus station",3,"Thursday"
"Arizona","historical landmark",3,"Thursday"
"Iowa","state park",3,"Thursday"
"Delaware","clothing store",3,"Thursday"
"Vermont","clothing store",3,"Thursday"
"Indiana","parking garage",3,"Thursday"
"Georgia","garden",3,"Thursday"
"Nebraska","home goods store",3,"Thursday"
"Kansas","cosmetics store",3,"Thursday"
"Missouri","park",3,"Thursday"
"Ohio","consignment shop",3,"Thursday"
"Alabama","cosmetics store",3,"Thursday"
"California","beach",3,"Thursday"
"South Dakota","park",3,"Thursday"
"Virginia","liquor store",3,"Thursday"
"Arkansas","cafe",2,"Thursday"
"Oklahoma","cosmetics store",3,"Thursday"
"District of Columbia","store",3,"Thursday"
"Kentucky","flea market",3,"Thursday"
"Maryland","mens clothing store",3,"Thursday"
"Mississippi","home improvement store",3,"Thursday"
"Washington","seafood market",3,"Thursday"
"West Virginia","mexican restaurant",3,"Thursday"
"Rhode Island","park",3,"Thursday"
"Hawaii","furniture store",3,"Thursday"
"North Dakota","department store",3,"Thursday"
"New York","county government office",3,"Friday"
"Massachusetts","beach",3,"Friday"
"Illinois","hiking area",3,"Friday"
"Oklahoma","place of worship",3,"Friday"
"Connecticut","park",3,"Friday"
"North Carolina","tree farm",3,"Friday"
"Florida","university",3,"Friday"
"New Mexico","gift shop",3,"Friday"
"Louisiana","chicken restaurant",3,"Friday"
"Nevada","gas station",3,"Friday"
"New Jersey","golf course",3,"Friday"
"Utah","bar",3,"Friday"
"Pennsylvania","city hall",3,"Friday"
"West Virginia","restaurant",3,"Friday"
"Tennessee","flea market",3,"Friday"
"Arizona","lodge",3,"Friday"
"South Carolina","condominium complex",3,"Friday"
"Indiana","car wash",3,"Friday"
"New Hampshire","tourist attraction",3,"Friday"
"Delaware","electronics store",3,"Friday"
"Hawaii","historical landmark",3,"Friday"
"California","outlet store",3,"Friday"
"Maine","seafood restaurant",3,"Friday"
"Michigan","farmers market",3,"Friday"
"Oregon","donut shop",3,"Friday"
"Texas","athletic field",3,"Friday"
"Washington","bus company",3,"Friday"
"Georgia","animal shelter",3,"Friday"
"Alabama","rv park",3,"Friday"
"Maryland","mosque",3,"Friday"
"Missouri","golf course",3,"Friday"
"Kansas","barbecue restaurant",3,"Friday"
"Vermont","clothing store",3,"Friday"
"Kentucky","golf course",3,"Friday"
"Arkansas","american restaurant",3,"Friday"
"Virginia","motorcycle dealer",3,"Friday"
"Wisconsin","cheese shop",3,"Friday"
"Minnesota","tree farm",3,"Friday"
"Colorado","airport",2,"Friday"
"Mississippi","supermarket",3,"Friday"
"Idaho","campground",3,"Friday"
"Nebraska","airport",3,"Friday"
"Iowa","park",3,"Friday"
"District of Columbia","bakery",3,"Friday"
"Ohio","tattoo shop",3,"Friday"
"Rhode Island","liquor store",3,"Friday"
"Illinois","performing arts group",3,"Overall"
"New York","car race track",3,"Overall"
"Oklahoma","stadium",3,"Overall"
"Michigan","plant nursery",3,"Overall"
"Massachusetts","beach",3,"Overall"
"Pennsylvania","city hall",3,"Overall"
"Nevada","transportation service",3,"Overall"
"Colorado","railroad company",2,"Overall"
"New Mexico","gift shop",3,"Overall"
"Texas","rodeo",3,"Overall"
"Louisiana","parking garage",3,"Overall"
"Connecticut","golf course",3,"Overall"
"Utah","lodge",3,"Overall"
"Florida","club",3,"Overall"
"South Carolina","sports complex",3,"Overall"
"North Carolina","soccer field",3,"Overall"
"Arizona","historical landmark",3,"Overall"
"Delaware","liquor store",3,"Overall"
"New Jersey","spa",2,"Overall"
"New Hampshire","department store",3,"Overall"
"Nebraska","home goods store",3,"Overall"
"Oregon","historical landmark",3,"Overall"
"Maine","seafood restaurant",3,"Overall"
"Minnesota","tool store",3,"Overall"
"Idaho","home goods store",3,"Overall"
"Missouri","museum",2,"Overall"
"California","soccer store",3,"Overall"
"Wisconsin","home improvement store",3,"Overall"
"Tennessee","indian restaurant",3,"Overall"
"Georgia","garden",3,"Overall"
"Indiana","cosmetics store",3,"Overall"
"West Virginia","fast food restaurant",3,"Overall"
"Vermont","clothing store",3,"Overall"
"Mississippi","auto parts store",3,"Overall"
"Kansas","cosmetics store",3,"Overall"
"Alabama","rv park",3,"Overall"
"Kentucky","supermarket",3,"Overall"
"Maryland","pub",3,"Overall"
"Virginia","computer store",3,"Overall"
"Ohio","office supply store",3,"Overall"
"Arkansas","resort hotel",2,"Overall"
"Iowa","breakfast restaurant",3,"Overall"
"Washington","seafood market",3,"Overall"
"District of Columbia","museum",3,"Overall"
"Hawaii","place of worship",3,"Overall"
"Rhode Island","liquor store",3,"Overall"
"South Dakota","park",3,"Overall"
"Michigan","appliance store",4,"Wednesday"
"Nevada","japanese restaurant",4,"Wednesday"
"Texas","cultural center",4,"Wednesday"
"Oklahoma","home goods store",4,"Wednesday"
"California","ski store",4,"Wednesday"
"New Hampshire","department store",4,"Wednesday"
"Illinois","mattress store",4,"Wednesday"
"North Carolina","beauty supply store",4,"Wednesday"
"New York","children amusement center",4,"Wednesday"
"Wisconsin","golf course",4,"Wednesday"
"Utah","motel",4,"Wednesday"
"Pennsylvania","city hall",4,"Wednesday"
"New Mexico","american restaurant",4,"Wednesday"
"New Jersey","filipino restaurant",4,"Wednesday"
"Massachusetts","market",4,"Wednesday"
"Delaware","clothing store",4,"Wednesday"
"Tennessee","amusement center",4,"Wednesday"
"Louisiana","historical landmark",4,"Wednesday"
"South Carolina","beach resort",4,"Wednesday"
"Iowa","furniture store",4,"Wednesday"
"Indiana","home improvement store",4,"Wednesday"
"Florida","game store",4,"Wednesday"
"Nebraska","electronics store",4,"Wednesday"
"Mississippi","coffee shop",4,"Wednesday"
"Minnesota","dog park",4,"Wednesday"
"Alabama","cosmetics store",4,"Wednesday"
"Colorado","condominium complex",3,"Wednesday"
"Arizona","visitor center",4,"Wednesday"
"Oregon","family restaurant",4,"Wednesday"
"Kentucky","shopping center",4,"Wednesday"
"Georgia","winery",4,"Wednesday"
"Missouri","beauty supply store",3,"Wednesday"
"Virginia","museum",4,"Wednesday"
"Ohio","lodge",4,"Wednesday"
"Vermont","pizza restaurant",4,"Wednesday"
"Connecticut","electronics store",4,"Wednesday"
"Arkansas","movie theater",4,"Wednesday"
"Kansas","electronics store",4,"Wednesday"
"Washington","home goods store",4,"Wednesday"
"Maryland","mosque",4,"Wednesday"
"Idaho","craft store",4,"Wednesday"
"Maine","park",4,"Wednesday"
"West Virginia","sandwich shop",4,"Wednesday"
"Hawaii","place of worship",4,"Wednesday"
"South Dakota","american restaurant",4,"Wednesday"
"Illinois","performing arts group",4,"Thursday"
"Pennsylvania","city hall",4,"Thursday"
"Massachusetts","beach",4,"Thursday"
"Nevada","gas station",4,"Thursday"
"Texas","rodeo",4,"Thursday"
"New Mexico","tourist attraction",4,"Thursday"
"Utah","tourist attraction",4,"Thursday"
"Connecticut","bagel shop",4,"Thursday"
"New York","athletic field",4,"Thursday"
"Minnesota","tool store",4,"Thursday"
"Michigan","hot dog restaurant",4,"Thursday"
"North Carolina","general store",4,"Thursday"
"Oregon","indoor lodging",4,"Thursday"
"Wisconsin","butcher shop",4,"Thursday"
"Louisiana","sports bar",4,"Thursday"
"South Carolina","seafood market",4,"Thursday"
"Arizona","lodge",4,"Thursday"
"Colorado","state park",3,"Thursday"
"New Hampshire","tourist attraction",4,"Thursday"
"Vermont","park",4,"Thursday"
"Georgia","variety store",4,"Thursday"
"Maine","seafood restaurant",4,"Thursday"
"Delaware","department store",4,"Thursday"
"Florida","comic book store",4,"Thursday"
"Indiana","home improvement store",4,"Thursday"
"Tennessee","indian restaurant",3,"Thursday"
"Ohio","golf course",4,"Thursday"
"Kansas","barbecue restaurant",4,"Thursday"
"Idaho","campground",4,"Thursday"
"California","place of worship",4,"Thursday"
"Alabama","rv park",4,"Thursday"
"Arkansas","coffee shop",3,"Thursday"
"Virginia","amusement center",4,"Thursday"
"Oklahoma","hardware store",4,"Thursday"
"District of Columbia","parking lot",4,"Thursday"
"Iowa","furniture store",4,"Thursday"
"Kentucky","bowling alley",4,"Thursday"
"Maryland","garden center",4,"Thursday"
"Nebraska","electronics store",4,"Thursday"
"Mississippi","breakfast restaurant",4,"Thursday"
"Washington","bridal shop",4,"Thursday"
"West Virginia","restaurant",4,"Thursday"
"South Dakota","shopping center",4,"Thursday"
"Hawaii","store",4,"Thursday"
"Massachusetts","hiking area",4,"Friday"
"Illinois","fairground",4,"Friday"
"Connecticut","historical landmark",4,"Friday"
"Louisiana","parking lot",4,"Friday"
"Nevada","parking lot",4,"Friday"
"Florida","visitor center",4,"Friday"
"Pennsylvania","memorial park",4,"Friday"
"North Carolina","plant nursery",4,"Friday"
"West Virginia","coffee shop",4,"Friday"
"New York","travel agency",4,"Friday"
"Arizona","scenic spot",4,"Friday"
"South Carolina","university",4,"Friday"
"New Hampshire","mexican restaurant",4,"Friday"
"Utah","golf course",4,"Friday"
"Delaware","liquor store",4,"Friday"
"New Mexico","historic site",4,"Friday"
"California","cabin rental agency",4,"Friday"
"Oregon","historical landmark",4,"Friday"
"Texas","beach resort",4,"Friday"
"Indiana","mattress store",4,"Friday"
"Alabama","liquor store",4,"Friday"
"Missouri","candy store",4,"Friday"
"Maine","home improvement store",4,"Friday"
"Michigan","car race track",4,"Friday"
"Tennessee","indian restaurant",4,"Friday"
"Maryland","thrift store",4,"Friday"
"Georgia","garden",4,"Friday"
"Kentucky","antique store",4,"Friday"
"Arkansas","airport",4,"Friday"
"Virginia","computer store",4,"Friday"
"Washington","childrens clothing store",4,"Friday"
"Minnesota","candy store",4,"Friday"
"Colorado","shooting range",3,"Friday"
"Vermont","brewery",4,"Friday"
"Hawaii","store",4,"Friday"
"Oklahoma","event venue",4,"Friday"
"Wisconsin","car wash",4,"Friday"
"Idaho","craft store",4,"Friday"
"Kansas","hardware store",4,"Friday"
"Iowa","home improvement store",4,"Friday"
"District of Columbia","federal government office",4,"Friday"
"Mississippi","american restaurant",4,"Friday"
"Ohio","liquor store",4,"Friday"
"Rhode Island","electronics store",4,"Friday"
"Nebraska","supermarket",4,"Friday"
"Illinois","dessert shop",4,"Overall"
"Massachusetts","used car dealer",4,"Overall"
"Pennsylvania","railroad company",4,"Overall"
"Nevada","thai restaurant",4,"Overall"
"New York","art center",4,"Overall"
"Michigan","hot dog restaurant",4,"Overall"
"Utah","motel",4,"Overall"
"Louisiana","light rail station",4,"Overall"
"Delaware","shopping center",4,"Overall"
"Arizona","lodge",4,"Overall"
"New Hampshire","shopping center",4,"Overall"
"New Mexico","tourist attraction",4,"Overall"
"Texas","ballroom",4,"Overall"
"Oklahoma","event venue",4,"Overall"
"Connecticut","park",4,"Overall"
"Minnesota","state park",4,"Overall"
"Oregon","vineyard",4,"Overall"
"New Jersey","retirement community",3,"Overall"
"North Carolina","art gallery",4,"Overall"
"California","outlet store",4,"Overall"
"South Carolina","historical landmark",4,"Overall"
"Wisconsin","state park",4,"Overall"
"Maine","diner",4,"Overall"
"Missouri","home improvement store",3,"Overall"
"Indiana","home improvement store",4,"Overall"
"Florida","tool store",4,"Overall"
"Kansas","park",4,"Overall"
"Mississippi","supermarket",4,"Overall"
"Vermont","american restaurant",4,"Overall"
"West Virginia","restaurant",4,"Overall"
"Tennessee","golf course",4,"Overall"
"Georgia","animal shelter",4,"Overall"
"Maryland","golf course",4,"Overall"
"Kentucky","cosmetics store",4,"Overall"
"Colorado","shooting range",3,"Overall"
"Idaho","craft store",4,"Overall"
"Ohio","tattoo shop",4,"Overall"
"Nebraska","electronics store",4,"Overall"
"Arkansas","supermarket",3,"Overall"
"Iowa","furniture store",4,"Overall"
"Alabama","cosmetics store",4,"Overall"
"Virginia","motorcycle dealer",4,"Overall"
"Washington","rest stop",4,"Overall"
"District of Columbia","bakery",4,"Overall"
"Hawaii","store",4,"Overall"
"Rhode Island","electronics store",4,"Overall"
"South Dakota","shopping center",4,"Overall"
"Michigan","plant nursery",5,"Wednesday"
"Nevada","chocolate shop",5,"Wednesday"
"Texas","ballroom",5,"Wednesday"
"California","city courthouse",5,"Wednesday"
"Illinois","market",5,"Wednesday"
"New Hampshire","cell phone store",5,"Wednesday"
"New York","consignment shop",5,"Wednesday"
"Massachusetts","retirement community",5,"Wednesday"
"Pennsylvania","chocolate shop",5,"Wednesday"
"Delaware","department store",5,"Wednesday"
"North Carolina","vacation home rental agency",5,"Wednesday"
"Oklahoma","school",5,"Wednesday"
"Louisiana","cemetery",5,"Wednesday"
"Florida","beer store",5,"Wednesday"
"Indiana","sporting goods store",5,"Wednesday"
"Utah","cosmetics store",5,"Wednesday"
"Wisconsin","brewery",5,"Wednesday"
"Mississippi","supermarket",5,"Wednesday"
"South Carolina","movie theater",5,"Wednesday"
"New Jersey","bakery",5,"Wednesday"
"New Mexico","movie theater",5,"Wednesday"
"Alabama","tourist attraction",5,"Wednesday"
"Tennessee","sporting goods store",5,"Wednesday"
"Iowa","home improvement store",5,"Wednesday"
"Arizona","lodge",5,"Wednesday"
"Minnesota","electronics store",5,"Wednesday"
"Colorado","supermarket",4,"Wednesday"
"Missouri","amusement center",4,"Wednesday"
"Georgia","rv dealer",5,"Wednesday"
"Virginia","bridal shop",5,"Wednesday"
"Nebraska","supermarket",5,"Wednesday"
"Ohio","sporting goods store",5,"Wednesday"
"Kentucky","gun shop",5,"Wednesday"
"Oregon","diner",5,"Wednesday"
"Arkansas","electronics store",5,"Wednesday"
"Kansas","home improvement store",5,"Wednesday"
"Maryland","tree farm",5,"Wednesday"
"Vermont","park",5,"Wednesday"
"Connecticut","golf course",5,"Wednesday"
"Washington","family restaurant",5,"Wednesday"
"Idaho","general contractor",5,"Wednesday"
"Maine","cafe",5,"Wednesday"
"West Virginia","gas station",5,"Wednesday"
"Illinois","fairground",5,"Thursday"
"Nevada","vietnamese restaurant",5,"Thursday"
"Minnesota","tree farm",5,"Thursday"
"Pennsylvania","game store",5,"Thursday"
"Oregon","donut shop",5,"Thursday"
"New York","car race track",5,"Thursday"
"North Carolina","car race track",5,"Thursday"
"Connecticut","garden center",5,"Thursday"
"Louisiana","cemetery",5,"Thursday"
"Massachusetts","cultural center",5,"Thursday"
"Texas","off road race track",5,"Thursday"
"Utah","scenic spot",5,"Thursday"
"South Carolina","historical landmark",5,"Thursday"
"Wisconsin","home improvement store",5,"Thursday"
"New Jersey","historical landmark",4,"Thursday"
"Arizona","motel",5,"Thursday"
"Michigan","asian grocery store",5,"Thursday"
"New Mexico","mexican restaurant",5,"Thursday"
"Missouri","home improvement store",4,"Thursday"
"Delaware","shopping center",5,"Thursday"
"Vermont","pizza restaurant",5,"Thursday"
"New Hampshire","diner",5,"Thursday"
"Ohio","shooting range",5,"Thursday"
"Tennessee","amusement center",4,"Thursday"
"Kansas","park",5,"Thursday"
"Georgia","bowling alley",5,"Thursday"
"Indiana","cosmetics store",5,"Thursday"
"California","mission",5,"Thursday"
"Idaho","home goods store",5,"Thursday"
"Maine","airport",5,"Thursday"
"Arkansas","tourist attraction",4,"Thursday"
"Colorado","visitor center",4,"Thursday"
"Florida","tool store",5,"Thursday"
"Alabama","hamburger restaurant",5,"Thursday"
"Virginia","brewery",5,"Thursday"
"District of Columbia","museum",5,"Thursday"
"Kentucky","book store",5,"Thursday"
"Oklahoma","book store",5,"Thursday"
"Maryland","bowling alley",5,"Thursday"
"Iowa","craft store",5,"Thursday"
"Mississippi","liquor store",5,"Thursday"
"Nebraska","clothing store",5,"Thursday"
"Washington","rest stop",5,"Thursday"
"West Virginia","fast food restaurant",5,"Thursday"
"Illinois","dessert shop",5,"Friday"
"Massachusetts","bus company",5,"Friday"
"Connecticut","farm",5,"Friday"
"Pennsylvania","car wash",5,"Friday"
"New Jersey","park",4,"Friday"
"Nevada","thai restaurant",5,"Friday"
"New York","storage facility",5,"Friday"
"North Carolina","golf club",5,"Friday"
"Arizona","tour agency",5,"Friday"
"New Hampshire","breakfast restaurant",5,"Friday"
"West Virginia","mexican restaurant",5,"Friday"
"South Carolina","marina",5,"Friday"
"Delaware","shopping center",5,"Friday"
"Louisiana","light rail station",5,"Friday"
"New Mexico","mexican restaurant",5,"Friday"
"Utah","scenic spot",5,"Friday"
"California","gun club",5,"Friday"
"Oregon","vineyard",5,"Friday"
"Florida","miniature golf course",5,"Friday"
"Texas","casino",5,"Friday"
"Missouri","car rental agency",5,"Friday"
"Maryland","park",5,"Friday"
"Michigan","farm equipment supplier",5,"Friday"
"Tennessee","golf course",5,"Friday"
"Georgia","flea market",5,"Friday"
"Indiana","farm",5,"Friday"
"Arkansas","gas station",5,"Friday"
"Virginia","variety store",5,"Friday"
"Maine","airport",5,"Friday"
"Vermont","general store",5,"Friday"
"Kentucky","liquor store",5,"Friday"
"Wisconsin","wine store",5,"Friday"
"Colorado","tourist attraction",4,"Friday"
"Hawaii","clothing store",5,"Friday"
"Kansas","ice cream shop",5,"Friday"
"Washington","seafood market",5,"Friday"
"Minnesota","airport",5,"Friday"
"Idaho","movie theater",5,"Friday"
"Alabama","airport",5,"Friday"
"Ohio","car race track",5,"Friday"
"Mississippi","campground",5,"Friday"
"District of Columbia","museum",5,"Friday"
"Oklahoma","ice cream shop",5,"Friday"
"Iowa","cell phone store",5,"Friday"
"Rhode Island","clothing store",5,"Friday"
"Nebraska","cell phone store",5,"Friday"
"Illinois","fairground",5,"Overall"
"Nevada","parking lot",5,"Overall"
"Massachusetts","hiking area",5,"Overall"
"New York","cake shop",5,"Overall"
"Pennsylvania","monument maker",5,"Overall"
"Michigan","appliance store",5,"Overall"
"Arizona","place of worship",5,"Overall"
"Louisiana","chicken restaurant",5,"Overall"
"Delaware","department store",5,"Overall"
"New Hampshire","cell phone store",5,"Overall"
"Utah","scenic spot",5,"Overall"
"Connecticut","garden center",5,"Overall"
"New Mexico","mexican restaurant",5,"Overall"
"North Carolina","plant nursery",5,"Overall"
"Oregon","donut shop",5,"Overall"
"New Jersey","farm",4,"Overall"
"Texas","casino",5,"Overall"
"California","american restaurant",5,"Overall"
"Wisconsin","home goods store",5,"Overall"
"Minnesota","tree farm",5,"Overall"
"South Carolina","university",5,"Overall"
"Oklahoma","cosmetics store",5,"Overall"
"Missouri","stadium",4,"Overall"
"Florida","dive shop",5,"Overall"
"Mississippi","university",5,"Overall"
"Vermont","gas station",5,"Overall"
"West Virginia","family restaurant",5,"Overall"
"Georgia","rv dealer",5,"Overall"
"Tennessee","amusement center",5,"Overall"
"Indiana","night club",5,"Overall"
"Kansas","barbecue restaurant",5,"Overall"
"Maine","cafe",5,"Overall"
"Idaho","resort hotel",5,"Overall"
"Ohio","golf course",5,"Overall"
"Maryland","garden center",5,"Overall"
"Iowa","electronics store",5,"Overall"
"Colorado","supermarket",4,"Overall"
"Arkansas","tourist attraction",4,"Overall"
"Alabama","liquor store",5,"Overall"
"Virginia","brewery",5,"Overall"
"Nebraska","supermarket",5,"Overall"
"Kentucky","bowling alley",5,"Overall"
"Washington","garden center",5,"Overall"
"District of Columbia","gift shop",5,"Overall"
"Hawaii","historical landmark",5,"Overall"
"Colorado","shooting range",5,"Wednesday"
"Missouri","sporting goods store",5,"Wednesday"
"New Jersey","farm",5,"Thursday"
"Missouri","wine store",5,"Thursday"
"Arkansas","drugstore",5,"Thursday"
"Colorado","golf club",5,"Thursday"
"Tennessee","brewery",5,"Thursday"
"New Jersey","nature preserve",5,"Friday"
"Colorado","railroad company",5,"Friday"
"New Jersey","filipino restaurant",5,"Overall"
"Missouri","golf club",5,"Overall"
"Colorado","tourist attraction",5,"Overall"
"Arkansas","museum",5,"Overall"
