"Day","Hour","Metro","scaled"
2,0,"Atlanta",5.3
2,0,"Boston",4.8
2,0,"Charlotte",3.7
2,0,"Chicago",4.3
2,0,"Cleveland",4.8
2,0,"Dallas",3.7
2,0,"Denver",3.3
2,0,"Detroit",4
2,0,"Houston",3.4
2,0,"Los Angeles",6
2,0,"Miami",6.3
2,0,"Minneapolis",2.5
2,0,"New York",9.9
2,0,"Orlando",6.9
2,0,"Philadelphia",6.2
2,0,"Phoenix",3.4
2,0,"Pittsburgh",3.5
2,0,"Portland",3.4
2,0,"Raleigh",3.1
2,0,"Sacramento",3.3
2,0,"San Francisco",7.2
2,0,"Seattle",3.6
2,0,"St. Louis",4.2
2,0,"Tampa-St. Petersburg",3.8
2,0,"Washington DC",5.6
2,1,"Atlanta",1.4
2,1,"Boston",1.1
2,1,"Charlotte",0.6
2,1,"Chicago",1.4
2,1,"Cleveland",1.5
2,1,"Dallas",0.8
2,1,"Denver",0.9
2,1,"Detroit",1
2,1,"Houston",0.9
2,1,"Los Angeles",1.9
2,1,"Miami",2
2,1,"Minneapolis",0.3
2,1,"New York",2.7
2,1,"Orlando",1.4
2,1,"Philadelphia",1.2
2,1,"Phoenix",0.8
2,1,"Pittsburgh",0.3
2,1,"Portland",1
2,1,"Raleigh",0.4
2,1,"Sacramento",0.7
2,1,"San Francisco",2.3
2,1,"Seattle",1
2,1,"St. Louis",1.3
2,1,"Tampa-St. Petersburg",0.8
2,1,"Washington DC",1.3
2,2,"Atlanta",0
2,2,"Boston",0
2,2,"Charlotte",0
2,2,"Chicago",0
2,2,"Cleveland",0.2
2,2,"Dallas",0
2,2,"Denver",0
2,2,"Detroit",0
2,2,"Houston",0
2,2,"Los Angeles",0
2,2,"Miami",0
2,2,"Minneapolis",0
2,2,"New York",0
2,2,"Orlando",0
2,2,"Philadelphia",0
2,2,"Phoenix",0
2,2,"Pittsburgh",0
2,2,"Portland",0
2,2,"Raleigh",0
2,2,"Sacramento",0
2,2,"San Francisco",0
2,2,"Seattle",0
2,2,"St. Louis",0
2,2,"Tampa-St. Petersburg",0
2,2,"Washington DC",0
2,3,"Atlanta",0.4
2,3,"Boston",0.6
2,3,"Charlotte",0.2
2,3,"Chicago",1.1
2,3,"Cleveland",0
2,3,"Dallas",0.3
2,3,"Denver",1.3
2,3,"Detroit",0.5
2,3,"Houston",0.5
2,3,"Los Angeles",0.6
2,3,"Miami",0
2,3,"Minneapolis",0.4
2,3,"New York",0
2,3,"Orlando",0.2
2,3,"Philadelphia",0.7
2,3,"Phoenix",0.4
2,3,"Pittsburgh",0.6
2,3,"Portland",1.4
2,3,"Raleigh",0.1
2,3,"Sacramento",1.6
2,3,"San Francisco",1.9
2,3,"Seattle",1.8
2,3,"St. Louis",0.7
2,3,"Tampa-St. Petersburg",0.7
2,3,"Washington DC",1.2
2,4,"Atlanta",4.2
2,4,"Boston",5.9
2,4,"Charlotte",3
2,4,"Chicago",6.2
2,4,"Cleveland",2.9
2,4,"Dallas",3.9
2,4,"Denver",4.9
2,4,"Detroit",3.8
2,4,"Houston",3.8
2,4,"Los Angeles",7.6
2,4,"Miami",3.5
2,4,"Minneapolis",3.6
2,4,"New York",5.7
2,4,"Orlando",4.7
2,4,"Philadelphia",4.4
2,4,"Phoenix",6.5
2,4,"Pittsburgh",4.2
2,4,"Portland",5.5
2,4,"Raleigh",3.4
2,4,"Sacramento",5
2,4,"San Francisco",11.5
2,4,"Seattle",8.4
2,4,"St. Louis",4
2,4,"Tampa-St. Petersburg",4.3
2,4,"Washington DC",7.7
2,5,"Atlanta",14.7
2,5,"Boston",19.5
2,5,"Charlotte",10.9
2,5,"Chicago",21.9
2,5,"Cleveland",10.1
2,5,"Dallas",14.9
2,5,"Denver",15.9
2,5,"Detroit",11.3
2,5,"Houston",15.8
2,5,"Los Angeles",24.5
2,5,"Miami",13
2,5,"Minneapolis",15.2
2,5,"New York",18.5
2,5,"Orlando",12.8
2,5,"Philadelphia",13.6
2,5,"Phoenix",19.9
2,5,"Pittsburgh",12
2,5,"Portland",15
2,5,"Raleigh",8.9
2,5,"Sacramento",12.9
2,5,"San Francisco",26.1
2,5,"Seattle",22.5
2,5,"St. Louis",15.1
2,5,"Tampa-St. Petersburg",13.1
2,5,"Washington DC",21.4
2,6,"Atlanta",44.8
2,6,"Boston",56.4
2,6,"Charlotte",43.7
2,6,"Chicago",54.9
2,6,"Cleveland",41.4
2,6,"Dallas",46.8
2,6,"Denver",55.8
2,6,"Detroit",42.2
2,6,"Houston",46.3
2,6,"Los Angeles",54
2,6,"Miami",50.2
2,6,"Minneapolis",49
2,6,"New York",55.8
2,6,"Orlando",43.5
2,6,"Philadelphia",48.6
2,6,"Phoenix",57.9
2,6,"Pittsburgh",50.5
2,6,"Portland",42.9
2,6,"Raleigh",40.6
2,6,"Sacramento",37.7
2,6,"San Francisco",49.3
2,6,"Seattle",51.3
2,6,"St. Louis",50.7
2,6,"Tampa-St. Petersburg",47.2
2,6,"Washington DC",51.9
2,7,"Atlanta",69.7
2,7,"Boston",87.6
2,7,"Charlotte",77.8
2,7,"Chicago",80
2,7,"Cleveland",78.4
2,7,"Dallas",74
2,7,"Denver",87.9
2,7,"Detroit",78.4
2,7,"Houston",75.1
2,7,"Los Angeles",83.9
2,7,"Miami",91.8
2,7,"Minneapolis",85.3
2,7,"New York",94.7
2,7,"Orlando",77
2,7,"Philadelphia",85.4
2,7,"Phoenix",90.2
2,7,"Pittsburgh",87
2,7,"Portland",78.7
2,7,"Raleigh",76
2,7,"Sacramento",68.9
2,7,"San Francisco",79
2,7,"Seattle",83.7
2,7,"St. Louis",84.2
2,7,"Tampa-St. Petersburg",83.2
2,7,"Washington DC",77.6
2,8,"Atlanta",69.3
2,8,"Boston",84.7
2,8,"Charlotte",76
2,8,"Chicago",73.8
2,8,"Cleveland",78.6
2,8,"Dallas",69
2,8,"Denver",90.7
2,8,"Detroit",78.7
2,8,"Houston",71
2,8,"Los Angeles",82.5
2,8,"Miami",95.9
2,8,"Minneapolis",75.1
2,8,"New York",98.3
2,8,"Orlando",82.4
2,8,"Philadelphia",84.2
2,8,"Phoenix",90.7
2,8,"Pittsburgh",81.6
2,8,"Portland",76.1
2,8,"Raleigh",75.5
2,8,"Sacramento",68.5
2,8,"San Francisco",81
2,8,"Seattle",79.3
2,8,"St. Louis",78.6
2,8,"Tampa-St. Petersburg",85.2
2,8,"Washington DC",75.4
2,9,"Atlanta",67.4
2,9,"Boston",69.8
2,9,"Charlotte",72.6
2,9,"Chicago",74.2
2,9,"Cleveland",71.3
2,9,"Dallas",71.1
2,9,"Denver",85
2,9,"Detroit",66.7
2,9,"Houston",77.1
2,9,"Los Angeles",78
2,9,"Miami",83.9
2,9,"Minneapolis",73.3
2,9,"New York",78.6
2,9,"Orlando",79.2
2,9,"Philadelphia",70.9
2,9,"Phoenix",86.4
2,9,"Pittsburgh",73.5
2,9,"Portland",73.7
2,9,"Raleigh",71.5
2,9,"Sacramento",68.2
2,9,"San Francisco",76.7
2,9,"Seattle",72.4
2,9,"St. Louis",81.4
2,9,"Tampa-St. Petersburg",80.1
2,9,"Washington DC",67.7
2,10,"Atlanta",67.2
2,10,"Boston",63.8
2,10,"Charlotte",70.8
2,10,"Chicago",66.7
2,10,"Cleveland",66.6
2,10,"Dallas",66.5
2,10,"Denver",73.3
2,10,"Detroit",60.1
2,10,"Houston",70.6
2,10,"Los Angeles",67.6
2,10,"Miami",75.4
2,10,"Minneapolis",63.7
2,10,"New York",67
2,10,"Orlando",77.7
2,10,"Philadelphia",65
2,10,"Phoenix",75.3
2,10,"Pittsburgh",68.8
2,10,"Portland",62.1
2,10,"Raleigh",68.6
2,10,"Sacramento",61.8
2,10,"San Francisco",67.7
2,10,"Seattle",58.9
2,10,"St. Louis",73.5
2,10,"Tampa-St. Petersburg",74.4
2,10,"Washington DC",64.7
2,11,"Atlanta",72.9
2,11,"Boston",71.9
2,11,"Charlotte",75.5
2,11,"Chicago",70.5
2,11,"Cleveland",70.1
2,11,"Dallas",71.1
2,11,"Denver",73.6
2,11,"Detroit",65.2
2,11,"Houston",76.7
2,11,"Los Angeles",75.3
2,11,"Miami",77.4
2,11,"Minneapolis",68.2
2,11,"New York",68
2,11,"Orlando",80.6
2,11,"Philadelphia",67.7
2,11,"Phoenix",75.1
2,11,"Pittsburgh",72
2,11,"Portland",71.8
2,11,"Raleigh",73.8
2,11,"Sacramento",69.6
2,11,"San Francisco",75.6
2,11,"Seattle",67.8
2,11,"St. Louis",76.7
2,11,"Tampa-St. Petersburg",78.9
2,11,"Washington DC",68.4
2,12,"Atlanta",79.6
2,12,"Boston",81.7
2,12,"Charlotte",81.4
2,12,"Chicago",72
2,12,"Cleveland",75.7
2,12,"Dallas",75.1
2,12,"Denver",82.4
2,12,"Detroit",69.8
2,12,"Houston",80.4
2,12,"Los Angeles",81.7
2,12,"Miami",80.8
2,12,"Minneapolis",70.4
2,12,"New York",71.9
2,12,"Orlando",84.2
2,12,"Philadelphia",75
2,12,"Phoenix",85.1
2,12,"Pittsburgh",76
2,12,"Portland",80.2
2,12,"Raleigh",76.3
2,12,"Sacramento",75.4
2,12,"San Francisco",83.8
2,12,"Seattle",76.8
2,12,"St. Louis",76.9
2,12,"Tampa-St. Petersburg",82.8
2,12,"Washington DC",76.7
2,13,"Atlanta",80.9
2,13,"Boston",81.3
2,13,"Charlotte",83.1
2,13,"Chicago",79.1
2,13,"Cleveland",73.2
2,13,"Dallas",81.7
2,13,"Denver",84.5
2,13,"Detroit",68.5
2,13,"Houston",86.1
2,13,"Los Angeles",85.4
2,13,"Miami",78.7
2,13,"Minneapolis",74.9
2,13,"New York",73.1
2,13,"Orlando",81
2,13,"Philadelphia",76.2
2,13,"Phoenix",85.7
2,13,"Pittsburgh",74.6
2,13,"Portland",82.6
2,13,"Raleigh",76.6
2,13,"Sacramento",79.2
2,13,"San Francisco",88.9
2,13,"Seattle",82.4
2,13,"St. Louis",81.2
2,13,"Tampa-St. Petersburg",79.9
2,13,"Washington DC",80.3
2,14,"Atlanta",90.3
2,14,"Boston",90.7
2,14,"Charlotte",89.7
2,14,"Chicago",84.9
2,14,"Cleveland",80.7
2,14,"Dallas",86
2,14,"Denver",89.7
2,14,"Detroit",77.1
2,14,"Houston",89.5
2,14,"Los Angeles",84.8
2,14,"Miami",85.3
2,14,"Minneapolis",80.9
2,14,"New York",85
2,14,"Orlando",87.3
2,14,"Philadelphia",84.9
2,14,"Phoenix",90.4
2,14,"Pittsburgh",84
2,14,"Portland",83.4
2,14,"Raleigh",84.9
2,14,"Sacramento",83.2
2,14,"San Francisco",90.6
2,14,"Seattle",83.1
2,14,"St. Louis",83.9
2,14,"Tampa-St. Petersburg",85.5
2,14,"Washington DC",90.7
2,15,"Atlanta",100
2,15,"Boston",100
2,15,"Charlotte",100
2,15,"Chicago",100
2,15,"Cleveland",100
2,15,"Dallas",100
2,15,"Denver",100
2,15,"Detroit",99.3
2,15,"Houston",100
2,15,"Los Angeles",92.6
2,15,"Miami",98.8
2,15,"Minneapolis",100
2,15,"New York",100
2,15,"Orlando",99.6
2,15,"Philadelphia",100
2,15,"Phoenix",100
2,15,"Pittsburgh",100
2,15,"Portland",95.1
2,15,"Raleigh",100
2,15,"Sacramento",95.3
2,15,"San Francisco",96.8
2,15,"Seattle",93.9
2,15,"St. Louis",100
2,15,"Tampa-St. Petersburg",100
2,15,"Washington DC",100
2,16,"Atlanta",96.8
2,16,"Boston",90.2
2,16,"Charlotte",98.9
2,16,"Chicago",95
2,16,"Cleveland",97
2,16,"Dallas",94.7
2,16,"Denver",95.6
2,16,"Detroit",100
2,16,"Houston",93.8
2,16,"Los Angeles",100
2,16,"Miami",100
2,16,"Minneapolis",98.8
2,16,"New York",98.9
2,16,"Orlando",100
2,16,"Philadelphia",99
2,16,"Phoenix",96.5
2,16,"Pittsburgh",99.9
2,16,"Portland",100
2,16,"Raleigh",95.4
2,16,"Sacramento",100
2,16,"San Francisco",100
2,16,"Seattle",100
2,16,"St. Louis",95.2
2,16,"Tampa-St. Petersburg",98.6
2,16,"Washington DC",92.6
2,17,"Atlanta",83.3
2,17,"Boston",70.8
2,17,"Charlotte",85.3
2,17,"Chicago",84.7
2,17,"Cleveland",82.9
2,17,"Dallas",85.6
2,17,"Denver",90.2
2,17,"Detroit",84.5
2,17,"Houston",85
2,17,"Los Angeles",93.3
2,17,"Miami",92.4
2,17,"Minneapolis",86.2
2,17,"New York",87.3
2,17,"Orlando",92.1
2,17,"Philadelphia",84.4
2,17,"Phoenix",94.3
2,17,"Pittsburgh",84
2,17,"Portland",85.7
2,17,"Raleigh",82.9
2,17,"Sacramento",84.9
2,17,"San Francisco",92.2
2,17,"Seattle",87.7
2,17,"St. Louis",81.5
2,17,"Tampa-St. Petersburg",86.6
2,17,"Washington DC",77.5
2,18,"Atlanta",67.8
2,18,"Boston",51.9
2,18,"Charlotte",66.3
2,18,"Chicago",73
2,18,"Cleveland",64.2
2,18,"Dallas",75.5
2,18,"Denver",69
2,18,"Detroit",64.3
2,18,"Houston",77.5
2,18,"Los Angeles",74
2,18,"Miami",79.7
2,18,"Minneapolis",69.1
2,18,"New York",74.4
2,18,"Orlando",78
2,18,"Philadelphia",66.5
2,18,"Phoenix",78.1
2,18,"Pittsburgh",62
2,18,"Portland",59.9
2,18,"Raleigh",65.2
2,18,"Sacramento",64.7
2,18,"San Francisco",72.5
2,18,"Seattle",64
2,18,"St. Louis",67.5
2,18,"Tampa-St. Petersburg",70.3
2,18,"Washington DC",61.1
2,19,"Atlanta",53.4
2,19,"Boston",39.7
2,19,"Charlotte",49.5
2,19,"Chicago",52.6
2,19,"Cleveland",47.2
2,19,"Dallas",52.8
2,19,"Denver",44.5
2,19,"Detroit",47
2,19,"Houston",52.9
2,19,"Los Angeles",55.9
2,19,"Miami",61.2
2,19,"Minneapolis",44.3
2,19,"New York",61.5
2,19,"Orlando",63.8
2,19,"Philadelphia",52.1
2,19,"Phoenix",51
2,19,"Pittsburgh",44.6
2,19,"Portland",42
2,19,"Raleigh",47.6
2,19,"Sacramento",45.9
2,19,"San Francisco",54.3
2,19,"Seattle",47.4
2,19,"St. Louis",45.7
2,19,"Tampa-St. Petersburg",52.8
2,19,"Washington DC",49.9
2,20,"Atlanta",39.8
2,20,"Boston",30.1
2,20,"Charlotte",37
2,20,"Chicago",39.1
2,20,"Cleveland",36.1
2,20,"Dallas",37.1
2,20,"Denver",33
2,20,"Detroit",35.4
2,20,"Houston",37.7
2,20,"Los Angeles",43.2
2,20,"Miami",43.4
2,20,"Minneapolis",31.3
2,20,"New York",49.3
2,20,"Orlando",49.2
2,20,"Philadelphia",42.9
2,20,"Phoenix",40.5
2,20,"Pittsburgh",35.1
2,20,"Portland",32.2
2,20,"Raleigh",34.6
2,20,"Sacramento",34.5
2,20,"San Francisco",40.9
2,20,"Seattle",33.8
2,20,"St. Louis",33.9
2,20,"Tampa-St. Petersburg",40
2,20,"Washington DC",40.2
2,21,"Atlanta",30.1
2,21,"Boston",22.8
2,21,"Charlotte",26.9
2,21,"Chicago",32.2
2,21,"Cleveland",29.7
2,21,"Dallas",30.7
2,21,"Denver",25.9
2,21,"Detroit",26.5
2,21,"Houston",31.1
2,21,"Los Angeles",35.1
2,21,"Miami",32.8
2,21,"Minneapolis",25.7
2,21,"New York",38.5
2,21,"Orlando",40.9
2,21,"Philadelphia",35
2,21,"Phoenix",31.1
2,21,"Pittsburgh",26.1
2,21,"Portland",24.8
2,21,"Raleigh",24.9
2,21,"Sacramento",27.3
2,21,"San Francisco",31.7
2,21,"Seattle",26
2,21,"St. Louis",29.1
2,21,"Tampa-St. Petersburg",31
2,21,"Washington DC",30.6
2,22,"Atlanta",24.5
2,22,"Boston",18.1
2,22,"Charlotte",20.5
2,22,"Chicago",24
2,22,"Cleveland",26.6
2,22,"Dallas",22
2,22,"Denver",19.2
2,22,"Detroit",23.3
2,22,"Houston",22.2
2,22,"Los Angeles",26.2
2,22,"Miami",28.4
2,22,"Minneapolis",18.3
2,22,"New York",34.1
2,22,"Orlando",33.1
2,22,"Philadelphia",30.3
2,22,"Phoenix",23.5
2,22,"Pittsburgh",23.4
2,22,"Portland",17.2
2,22,"Raleigh",20.4
2,22,"Sacramento",20.8
2,22,"San Francisco",21.9
2,22,"Seattle",18
2,22,"St. Louis",21.6
2,22,"Tampa-St. Petersburg",24.8
2,22,"Washington DC",24.1
2,23,"Atlanta",16.1
2,23,"Boston",13.2
2,23,"Charlotte",12.5
2,23,"Chicago",15.9
2,23,"Cleveland",20.3
2,23,"Dallas",13.8
2,23,"Denver",11.7
2,23,"Detroit",15.6
2,23,"Houston",13.1
2,23,"Los Angeles",17.9
2,23,"Miami",20.1
2,23,"Minneapolis",11.8
2,23,"New York",24.8
2,23,"Orlando",22.5
2,23,"Philadelphia",20.2
2,23,"Phoenix",14.8
2,23,"Pittsburgh",14.9
2,23,"Portland",11
2,23,"Raleigh",12.3
2,23,"Sacramento",12.2
2,23,"San Francisco",16
2,23,"Seattle",13.5
2,23,"St. Louis",15.5
2,23,"Tampa-St. Petersburg",17.4
2,23,"Washington DC",15.8
3,0,"Atlanta",14.3
3,0,"Boston",9.5
3,0,"Charlotte",13.1
3,0,"Chicago",14.6
3,0,"Cleveland",19.2
3,0,"Dallas",10.7
3,0,"Denver",10
3,0,"Detroit",15.3
3,0,"Houston",10.3
3,0,"Los Angeles",16.1
3,0,"Miami",16.2
3,0,"Minneapolis",9
3,0,"New York",16.9
3,0,"Orlando",18.1
3,0,"Philadelphia",16.6
3,0,"Phoenix",12.8
3,0,"Pittsburgh",17.8
3,0,"Portland",9.7
3,0,"Raleigh",12.1
3,0,"Sacramento",9.5
3,0,"San Francisco",11.6
3,0,"Seattle",9.5
3,0,"St. Louis",14.7
3,0,"Tampa-St. Petersburg",12.5
3,0,"Washington DC",13.6
3,1,"Atlanta",5.9
3,1,"Boston",5.1
3,1,"Charlotte",5.5
3,1,"Chicago",8.1
3,1,"Cleveland",11.6
3,1,"Dallas",4.4
3,1,"Denver",4.6
3,1,"Detroit",9
3,1,"Houston",4.2
3,1,"Los Angeles",8.7
3,1,"Miami",5.3
3,1,"Minneapolis",5.5
3,1,"New York",7
3,1,"Orlando",6.6
3,1,"Philadelphia",8.1
3,1,"Phoenix",6.4
3,1,"Pittsburgh",9.5
3,1,"Portland",3.8
3,1,"Raleigh",4.9
3,1,"Sacramento",4.8
3,1,"San Francisco",5.4
3,1,"Seattle",3.5
3,1,"St. Louis",9.6
3,1,"Tampa-St. Petersburg",5
3,1,"Washington DC",4.4
3,2,"Atlanta",1.6
3,2,"Boston",2.5
3,2,"Charlotte",2.5
3,2,"Chicago",4.4
3,2,"Cleveland",8.2
3,2,"Dallas",2.3
3,2,"Denver",3
3,2,"Detroit",6.7
3,2,"Houston",3
3,2,"Los Angeles",3.8
3,2,"Miami",1.4
3,2,"Minneapolis",3.1
3,2,"New York",2.5
3,2,"Orlando",2.2
3,2,"Philadelphia",4.1
3,2,"Phoenix",3.8
3,2,"Pittsburgh",5.9
3,2,"Portland",1.4
3,2,"Raleigh",2.8
3,2,"Sacramento",1.3
3,2,"San Francisco",1.6
3,2,"Seattle",1.1
3,2,"St. Louis",4.8
3,2,"Tampa-St. Petersburg",1.4
3,2,"Washington DC",2.1
3,3,"Atlanta",0
3,3,"Boston",0
3,3,"Charlotte",0
3,3,"Chicago",0.6
3,3,"Cleveland",2.5
3,3,"Dallas",0
3,3,"Denver",0
3,3,"Detroit",1.7
3,3,"Houston",0
3,3,"Los Angeles",0
3,3,"Miami",0
3,3,"Minneapolis",0
3,3,"New York",0
3,3,"Orlando",0
3,3,"Philadelphia",0.7
3,3,"Phoenix",0
3,3,"Pittsburgh",1.4
3,3,"Portland",0
3,3,"Raleigh",0
3,3,"Sacramento",0
3,3,"San Francisco",0
3,3,"Seattle",0
3,3,"St. Louis",1.6
3,3,"Tampa-St. Petersburg",0
3,3,"Washington DC",0
3,4,"Atlanta",0.6
3,4,"Boston",0.8
3,4,"Charlotte",1.1
3,4,"Chicago",0
3,4,"Cleveland",0
3,4,"Dallas",0.4
3,4,"Denver",0.8
3,4,"Detroit",0
3,4,"Houston",0.2
3,4,"Los Angeles",1.5
3,4,"Miami",1.4
3,4,"Minneapolis",0
3,4,"New York",1.4
3,4,"Orlando",0.7
3,4,"Philadelphia",0
3,4,"Phoenix",0.6
3,4,"Pittsburgh",0
3,4,"Portland",0.6
3,4,"Raleigh",1.1
3,4,"Sacramento",0.6
3,4,"San Francisco",2.4
3,4,"Seattle",0.6
3,4,"St. Louis",0
3,4,"Tampa-St. Petersburg",0.1
3,4,"Washington DC",0.9
3,5,"Atlanta",4.1
3,5,"Boston",2.8
3,5,"Charlotte",4.1
3,5,"Chicago",4
3,5,"Cleveland",0.5
3,5,"Dallas",4.8
3,5,"Denver",3.4
3,5,"Detroit",2.1
3,5,"Houston",4.9
3,5,"Los Angeles",8.4
3,5,"Miami",5.1
3,5,"Minneapolis",2
3,5,"New York",5.1
3,5,"Orlando",4.3
3,5,"Philadelphia",2.8
3,5,"Phoenix",5.1
3,5,"Pittsburgh",0.3
3,5,"Portland",2.7
3,5,"Raleigh",3.1
3,5,"Sacramento",2.7
3,5,"San Francisco",6.2
3,5,"Seattle",3.2
3,5,"St. Louis",2.7
3,5,"Tampa-St. Petersburg",3
3,5,"Washington DC",4.5
3,6,"Atlanta",14.5
3,6,"Boston",11.7
3,6,"Charlotte",16.7
3,6,"Chicago",16.4
3,6,"Cleveland",9.4
3,6,"Dallas",14.9
3,6,"Denver",14.7
3,6,"Detroit",12.9
3,6,"Houston",19.2
3,6,"Los Angeles",26.1
3,6,"Miami",20.8
3,6,"Minneapolis",9.5
3,6,"New York",18.5
3,6,"Orlando",16.6
3,6,"Philadelphia",15.6
3,6,"Phoenix",19.3
3,6,"Pittsburgh",11.6
3,6,"Portland",12.9
3,6,"Raleigh",15.7
3,6,"Sacramento",15.5
3,6,"San Francisco",15.8
3,6,"Seattle",11
3,6,"St. Louis",13.9
3,6,"Tampa-St. Petersburg",12.3
3,6,"Washington DC",19.5
3,7,"Atlanta",25.4
3,7,"Boston",22.7
3,7,"Charlotte",33.8
3,7,"Chicago",29.5
3,7,"Cleveland",20
3,7,"Dallas",28.9
3,7,"Denver",28.8
3,7,"Detroit",26.2
3,7,"Houston",38.7
3,7,"Los Angeles",45
3,7,"Miami",39.2
3,7,"Minneapolis",19.6
3,7,"New York",31.7
3,7,"Orlando",33.5
3,7,"Philadelphia",29.5
3,7,"Phoenix",37.1
3,7,"Pittsburgh",27.6
3,7,"Portland",26.8
3,7,"Raleigh",32.4
3,7,"Sacramento",33.2
3,7,"San Francisco",30.8
3,7,"Seattle",20.9
3,7,"St. Louis",29.3
3,7,"Tampa-St. Petersburg",24.3
3,7,"Washington DC",34.8
3,8,"Atlanta",36.4
3,8,"Boston",32
3,8,"Charlotte",49
3,8,"Chicago",40.4
3,8,"Cleveland",34
3,8,"Dallas",40.4
3,8,"Denver",42.2
3,8,"Detroit",35
3,8,"Houston",52.1
3,8,"Los Angeles",59.4
3,8,"Miami",51
3,8,"Minneapolis",32.1
3,8,"New York",40.2
3,8,"Orlando",47.3
3,8,"Philadelphia",42.4
3,8,"Phoenix",51
3,8,"Pittsburgh",41.5
3,8,"Portland",41.7
3,8,"Raleigh",47.7
3,8,"Sacramento",48.9
3,8,"San Francisco",41.9
3,8,"Seattle",32.9
3,8,"St. Louis",41.5
3,8,"Tampa-St. Petersburg",36.4
3,8,"Washington DC",45.1
3,9,"Atlanta",54.4
3,9,"Boston",48.7
3,9,"Charlotte",70.3
3,9,"Chicago",55.5
3,9,"Cleveland",48.5
3,9,"Dallas",61.1
3,9,"Denver",61.6
3,9,"Detroit",47.1
3,9,"Houston",68.9
3,9,"Los Angeles",74.5
3,9,"Miami",66
3,9,"Minneapolis",53.7
3,9,"New York",50.3
3,9,"Orlando",68.1
3,9,"Philadelphia",57.6
3,9,"Phoenix",69.5
3,9,"Pittsburgh",60.5
3,9,"Portland",60.7
3,9,"Raleigh",73.1
3,9,"Sacramento",65.6
3,9,"San Francisco",59
3,9,"Seattle",49.7
3,9,"St. Louis",61.5
3,9,"Tampa-St. Petersburg",55.8
3,9,"Washington DC",62.8
3,10,"Atlanta",64.7
3,10,"Boston",58.5
3,10,"Charlotte",81.2
3,10,"Chicago",59.2
3,10,"Cleveland",54
3,10,"Dallas",73.2
3,10,"Denver",66.3
3,10,"Detroit",50.7
3,10,"Houston",79.3
3,10,"Los Angeles",75.1
3,10,"Miami",63.8
3,10,"Minneapolis",73.5
3,10,"New York",54.8
3,10,"Orlando",80.9
3,10,"Philadelphia",65.9
3,10,"Phoenix",70.7
3,10,"Pittsburgh",62.4
3,10,"Portland",65.9
3,10,"Raleigh",82.1
3,10,"Sacramento",71.2
3,10,"San Francisco",66.4
3,10,"Seattle",54
3,10,"St. Louis",65.6
3,10,"Tampa-St. Petersburg",65.6
3,10,"Washington DC",71.2
3,11,"Atlanta",82.7
3,11,"Boston",79.4
3,11,"Charlotte",100
3,11,"Chicago",75
3,11,"Cleveland",73
3,11,"Dallas",95.6
3,11,"Denver",85.8
3,11,"Detroit",68.4
3,11,"Houston",97.6
3,11,"Los Angeles",87
3,11,"Miami",72.8
3,11,"Minneapolis",100
3,11,"New York",69.7
3,11,"Orlando",96.4
3,11,"Philadelphia",79.6
3,11,"Phoenix",84.5
3,11,"Pittsburgh",77.1
3,11,"Portland",86.3
3,11,"Raleigh",100
3,11,"Sacramento",87.7
3,11,"San Francisco",84.2
3,11,"Seattle",73.2
3,11,"St. Louis",84.1
3,11,"Tampa-St. Petersburg",84.5
3,11,"Washington DC",84.4
3,12,"Atlanta",88.4
3,12,"Boston",100
3,12,"Charlotte",99
3,12,"Chicago",86
3,12,"Cleveland",86.9
3,12,"Dallas",100
3,12,"Denver",100
3,12,"Detroit",81.7
3,12,"Houston",100
3,12,"Los Angeles",94.4
3,12,"Miami",80
3,12,"Minneapolis",79.6
3,12,"New York",85.2
3,12,"Orlando",100
3,12,"Philadelphia",91.1
3,12,"Phoenix",100
3,12,"Pittsburgh",83.9
3,12,"Portland",100
3,12,"Raleigh",99.5
3,12,"Sacramento",100
3,12,"San Francisco",93.1
3,12,"Seattle",91.5
3,12,"St. Louis",83.8
3,12,"Tampa-St. Petersburg",100
3,12,"Washington DC",94.5
3,13,"Atlanta",88.7
3,13,"Boston",93.4
3,13,"Charlotte",85.3
3,13,"Chicago",92.4
3,13,"Cleveland",91.1
3,13,"Dallas",89.6
3,13,"Denver",97.2
3,13,"Detroit",77.5
3,13,"Houston",92.8
3,13,"Los Angeles",98.3
3,13,"Miami",81.6
3,13,"Minneapolis",62
3,13,"New York",98
3,13,"Orlando",94.9
3,13,"Philadelphia",98.9
3,13,"Phoenix",95.3
3,13,"Pittsburgh",78.6
3,13,"Portland",98.6
3,13,"Raleigh",85.3
3,13,"Sacramento",93.9
3,13,"San Francisco",100
3,13,"Seattle",100
3,13,"St. Louis",75.6
3,13,"Tampa-St. Petersburg",97.8
3,13,"Washington DC",96.1
3,14,"Atlanta",88.5
3,14,"Boston",63.8
3,14,"Charlotte",77.8
3,14,"Chicago",93.8
3,14,"Cleveland",84
3,14,"Dallas",80.5
3,14,"Denver",78.4
3,14,"Detroit",79.2
3,14,"Houston",85.6
3,14,"Los Angeles",95.6
3,14,"Miami",86.4
3,14,"Minneapolis",53.8
3,14,"New York",100
3,14,"Orlando",89
3,14,"Philadelphia",98.7
3,14,"Phoenix",82.4
3,14,"Pittsburgh",77.2
3,14,"Portland",87.1
3,14,"Raleigh",80.6
3,14,"Sacramento",85.9
3,14,"San Francisco",98.3
3,14,"Seattle",88.9
3,14,"St. Louis",74.3
3,14,"Tampa-St. Petersburg",86
3,14,"Washington DC",92.4
3,15,"Atlanta",100
3,15,"Boston",58.3
3,15,"Charlotte",91.1
3,15,"Chicago",100
3,15,"Cleveland",100
3,15,"Dallas",86.6
3,15,"Denver",79.7
3,15,"Detroit",93.2
3,15,"Houston",95.1
3,15,"Los Angeles",100
3,15,"Miami",100
3,15,"Minneapolis",77.5
3,15,"New York",97.6
3,15,"Orlando",93.3
3,15,"Philadelphia",100
3,15,"Phoenix",83.6
3,15,"Pittsburgh",100
3,15,"Portland",84.2
3,15,"Raleigh",90.9
3,15,"Sacramento",81.7
3,15,"San Francisco",97.4
3,15,"Seattle",78.5
3,15,"St. Louis",100
3,15,"Tampa-St. Petersburg",87.6
3,15,"Washington DC",100
3,16,"Atlanta",96.8
3,16,"Boston",65.8
3,16,"Charlotte",90.5
3,16,"Chicago",90.9
3,16,"Cleveland",96
3,16,"Dallas",85.3
3,16,"Denver",74.2
3,16,"Detroit",100
3,16,"Houston",97.8
3,16,"Los Angeles",99.4
3,16,"Miami",94.4
3,16,"Minneapolis",81.3
3,16,"New York",80.5
3,16,"Orlando",93.3
3,16,"Philadelphia",78.1
3,16,"Phoenix",77.8
3,16,"Pittsburgh",93.7
3,16,"Portland",87.4
3,16,"Raleigh",91.1
3,16,"Sacramento",73.5
3,16,"San Francisco",88.5
3,16,"Seattle",70.3
3,16,"St. Louis",99.5
3,16,"Tampa-St. Petersburg",85.2
3,16,"Washington DC",93.4
3,17,"Atlanta",89.6
3,17,"Boston",70.1
3,17,"Charlotte",84.6
3,17,"Chicago",79.2
3,17,"Cleveland",87.9
3,17,"Dallas",86
3,17,"Denver",80
3,17,"Detroit",93
3,17,"Houston",98.6
3,17,"Los Angeles",88.9
3,17,"Miami",87
3,17,"Minneapolis",72.3
3,17,"New York",67.9
3,17,"Orlando",90.6
3,17,"Philadelphia",65.1
3,17,"Phoenix",85.5
3,17,"Pittsburgh",77.8
3,17,"Portland",81
3,17,"Raleigh",87.1
3,17,"Sacramento",67.2
3,17,"San Francisco",72.7
3,17,"Seattle",63.2
3,17,"St. Louis",84.2
3,17,"Tampa-St. Petersburg",83.3
3,17,"Washington DC",83.4
3,18,"Atlanta",81.1
3,18,"Boston",68.6
3,18,"Charlotte",72.5
3,18,"Chicago",78
3,18,"Cleveland",78
3,18,"Dallas",93.1
3,18,"Denver",70.9
3,18,"Detroit",79.6
3,18,"Houston",97.5
3,18,"Los Angeles",70.4
3,18,"Miami",80.4
3,18,"Minneapolis",69.2
3,18,"New York",61.6
3,18,"Orlando",87
3,18,"Philadelphia",61.6
3,18,"Phoenix",83.1
3,18,"Pittsburgh",67.7
3,18,"Portland",75.1
3,18,"Raleigh",73.6
3,18,"Sacramento",61
3,18,"San Francisco",59
3,18,"Seattle",60
3,18,"St. Louis",76.4
3,18,"Tampa-St. Petersburg",79.2
3,18,"Washington DC",74.4
3,19,"Atlanta",72.1
3,19,"Boston",59.5
3,19,"Charlotte",61.7
3,19,"Chicago",65.1
3,19,"Cleveland",67.7
3,19,"Dallas",75.5
3,19,"Denver",56.9
3,19,"Detroit",68.7
3,19,"Houston",69.8
3,19,"Los Angeles",58.6
3,19,"Miami",63.9
3,19,"Minneapolis",52.7
3,19,"New York",63.8
3,19,"Orlando",78.6
3,19,"Philadelphia",65.2
3,19,"Phoenix",59
3,19,"Pittsburgh",62.8
3,19,"Portland",62.5
3,19,"Raleigh",63.3
3,19,"Sacramento",53.7
3,19,"San Francisco",52.5
3,19,"Seattle",54.6
3,19,"St. Louis",57.6
3,19,"Tampa-St. Petersburg",68.2
3,19,"Washington DC",69.2
3,20,"Atlanta",60.7
3,20,"Boston",48.9
3,20,"Charlotte",51.4
3,20,"Chicago",58.8
3,20,"Cleveland",57.8
3,20,"Dallas",53.8
3,20,"Denver",49.7
3,20,"Detroit",61.4
3,20,"Houston",52.6
3,20,"Los Angeles",58.3
3,20,"Miami",53.1
3,20,"Minneapolis",41.9
3,20,"New York",68
3,20,"Orlando",66.9
3,20,"Philadelphia",67.4
3,20,"Phoenix",50.3
3,20,"Pittsburgh",56.2
3,20,"Portland",51.8
3,20,"Raleigh",50.7
3,20,"Sacramento",48.8
3,20,"San Francisco",56.3
3,20,"Seattle",51.5
3,20,"St. Louis",47
3,20,"Tampa-St. Petersburg",57.8
3,20,"Washington DC",63.7
3,21,"Atlanta",47.3
3,21,"Boston",35.6
3,21,"Charlotte",37.6
3,21,"Chicago",53.9
3,21,"Cleveland",43.3
3,21,"Dallas",43.7
3,21,"Denver",35.7
3,21,"Detroit",46
3,21,"Houston",44.7
3,21,"Los Angeles",56.8
3,21,"Miami",45.6
3,21,"Minneapolis",32
3,21,"New York",63.1
3,21,"Orlando",55.5
3,21,"Philadelphia",55.2
3,21,"Phoenix",38.7
3,21,"Pittsburgh",41.6
3,21,"Portland",40.7
3,21,"Raleigh",40.2
3,21,"Sacramento",39.7
3,21,"San Francisco",55.5
3,21,"Seattle",42.5
3,21,"St. Louis",38.6
3,21,"Tampa-St. Petersburg",41.5
3,21,"Washington DC",49.9
3,22,"Atlanta",36.3
3,22,"Boston",26.6
3,22,"Charlotte",26.9
3,22,"Chicago",40.2
3,22,"Cleveland",30.7
3,22,"Dallas",32.1
3,22,"Denver",22.5
3,22,"Detroit",33.1
3,22,"Houston",34.6
3,22,"Los Angeles",46
3,22,"Miami",41.8
3,22,"Minneapolis",20.7
3,22,"New York",54.7
3,22,"Orlando",45.5
3,22,"Philadelphia",37.4
3,22,"Phoenix",27.2
3,22,"Pittsburgh",28.7
3,22,"Portland",25.6
3,22,"Raleigh",28.5
3,22,"Sacramento",25.7
3,22,"San Francisco",41.7
3,22,"Seattle",27.6
3,22,"St. Louis",24.3
3,22,"Tampa-St. Petersburg",29.6
3,22,"Washington DC",39.8
3,23,"Atlanta",22.8
3,23,"Boston",17.5
3,23,"Charlotte",16.6
3,23,"Chicago",24.5
3,23,"Cleveland",17.4
3,23,"Dallas",20.3
3,23,"Denver",11.9
3,23,"Detroit",19.5
3,23,"Houston",21.5
3,23,"Los Angeles",30.4
3,23,"Miami",30.4
3,23,"Minneapolis",12
3,23,"New York",38.7
3,23,"Orlando",30.1
3,23,"Philadelphia",19.7
3,23,"Phoenix",14.1
3,23,"Pittsburgh",14.6
3,23,"Portland",16.4
3,23,"Raleigh",16.4
3,23,"Sacramento",16
3,23,"San Francisco",25.6
3,23,"Seattle",15.7
3,23,"St. Louis",12
3,23,"Tampa-St. Petersburg",17.9
3,23,"Washington DC",27.1
4,0,"Atlanta",11.6
4,0,"Boston",8.2
4,0,"Charlotte",7.9
4,0,"Chicago",11.4
4,0,"Cleveland",7.3
4,0,"Dallas",9.1
4,0,"Denver",6.4
4,0,"Detroit",10.6
4,0,"Houston",9.5
4,0,"Los Angeles",14.5
4,0,"Miami",17.5
4,0,"Minneapolis",5.9
4,0,"New York",22.3
4,0,"Orlando",12.8
4,0,"Philadelphia",9.7
4,0,"Phoenix",8.6
4,0,"Pittsburgh",5.7
4,0,"Portland",6.4
4,0,"Raleigh",8.4
4,0,"Sacramento",8.1
4,0,"San Francisco",12.8
4,0,"Seattle",8
4,0,"St. Louis",5.1
4,0,"Tampa-St. Petersburg",8.1
4,0,"Washington DC",18.8
4,1,"Atlanta",4.4
4,1,"Boston",2.1
4,1,"Charlotte",2.4
4,1,"Chicago",4.3
4,1,"Cleveland",2.5
4,1,"Dallas",3.9
4,1,"Denver",1.9
4,1,"Detroit",4.2
4,1,"Houston",4.1
4,1,"Los Angeles",5.3
4,1,"Miami",6.3
4,1,"Minneapolis",2
4,1,"New York",8.3
4,1,"Orlando",4
4,1,"Philadelphia",3.3
4,1,"Phoenix",2.8
4,1,"Pittsburgh",1.8
4,1,"Portland",1.8
4,1,"Raleigh",3
4,1,"Sacramento",3
4,1,"San Francisco",4.6
4,1,"Seattle",2.1
4,1,"St. Louis",2.3
4,1,"Tampa-St. Petersburg",2.8
4,1,"Washington DC",6.9
4,2,"Atlanta",1.1
4,2,"Boston",0.5
4,2,"Charlotte",0.5
4,2,"Chicago",0.8
4,2,"Cleveland",0.4
4,2,"Dallas",1.3
4,2,"Denver",0.2
4,2,"Detroit",1
4,2,"Houston",1.1
4,2,"Los Angeles",0.9
4,2,"Miami",1.3
4,2,"Minneapolis",0.6
4,2,"New York",2.2
4,2,"Orlando",1
4,2,"Philadelphia",0.8
4,2,"Phoenix",0.2
4,2,"Pittsburgh",0.5
4,2,"Portland",0.1
4,2,"Raleigh",1.1
4,2,"Sacramento",0.7
4,2,"San Francisco",0.4
4,2,"Seattle",0
4,2,"St. Louis",0.4
4,2,"Tampa-St. Petersburg",0.2
4,2,"Washington DC",2
4,3,"Atlanta",0
4,3,"Boston",0
4,3,"Charlotte",0
4,3,"Chicago",0
4,3,"Cleveland",0
4,3,"Dallas",0
4,3,"Denver",0
4,3,"Detroit",0
4,3,"Houston",0
4,3,"Los Angeles",0
4,3,"Miami",0
4,3,"Minneapolis",0
4,3,"New York",0
4,3,"Orlando",0
4,3,"Philadelphia",0
4,3,"Phoenix",0
4,3,"Pittsburgh",0
4,3,"Portland",0
4,3,"Raleigh",0
4,3,"Sacramento",0
4,3,"San Francisco",0
4,3,"Seattle",0.7
4,3,"St. Louis",0
4,3,"Tampa-St. Petersburg",0
4,3,"Washington DC",0
4,4,"Atlanta",1.6
4,4,"Boston",2.4
4,4,"Charlotte",1.6
4,4,"Chicago",2.5
4,4,"Cleveland",1
4,4,"Dallas",1.5
4,4,"Denver",2.8
4,4,"Detroit",2.1
4,4,"Houston",1.6
4,4,"Los Angeles",3.3
4,4,"Miami",2.9
4,4,"Minneapolis",2.7
4,4,"New York",2.2
4,4,"Orlando",2.7
4,4,"Philadelphia",2.3
4,4,"Phoenix",3.3
4,4,"Pittsburgh",2.7
4,4,"Portland",3
4,4,"Raleigh",2.2
4,4,"Sacramento",2.6
4,4,"San Francisco",3.4
4,4,"Seattle",4
4,4,"St. Louis",2.1
4,4,"Tampa-St. Petersburg",2.2
4,4,"Washington DC",2.7
4,5,"Atlanta",6.9
4,5,"Boston",10.9
4,5,"Charlotte",5.7
4,5,"Chicago",12.5
4,5,"Cleveland",5.8
4,5,"Dallas",7.5
4,5,"Denver",8.9
4,5,"Detroit",7.1
4,5,"Houston",7.2
4,5,"Los Angeles",11.6
4,5,"Miami",10.2
4,5,"Minneapolis",9.6
4,5,"New York",9.6
4,5,"Orlando",7.9
4,5,"Philadelphia",8.7
4,5,"Phoenix",11.8
4,5,"Pittsburgh",9.2
4,5,"Portland",8.9
4,5,"Raleigh",6.8
4,5,"Sacramento",6.9
4,5,"San Francisco",9.5
4,5,"Seattle",9.9
4,5,"St. Louis",10
4,5,"Tampa-St. Petersburg",8.4
4,5,"Washington DC",10
4,6,"Atlanta",22.4
4,6,"Boston",30.8
4,6,"Charlotte",22.7
4,6,"Chicago",32.2
4,6,"Cleveland",23.9
4,6,"Dallas",22.3
4,6,"Denver",29.1
4,6,"Detroit",24.4
4,6,"Houston",23.4
4,6,"Los Angeles",31.4
4,6,"Miami",32.2
4,6,"Minneapolis",27.4
4,6,"New York",30.1
4,6,"Orlando",25.9
4,6,"Philadelphia",27.8
4,6,"Phoenix",33.6
4,6,"Pittsburgh",29
4,6,"Portland",24.7
4,6,"Raleigh",21.8
4,6,"Sacramento",19.4
4,6,"San Francisco",21.9
4,6,"Seattle",26.7
4,6,"St. Louis",29.5
4,6,"Tampa-St. Petersburg",27.6
4,6,"Washington DC",26.8
4,7,"Atlanta",38.2
4,7,"Boston",51.7
4,7,"Charlotte",44.2
4,7,"Chicago",50.9
4,7,"Cleveland",46.5
4,7,"Dallas",40.3
4,7,"Denver",53.1
4,7,"Detroit",46.5
4,7,"Houston",43.8
4,7,"Los Angeles",54.3
4,7,"Miami",60.2
4,7,"Minneapolis",48.5
4,7,"New York",52.2
4,7,"Orlando",47.9
4,7,"Philadelphia",48.5
4,7,"Phoenix",58.3
4,7,"Pittsburgh",52.9
4,7,"Portland",46.3
4,7,"Raleigh",43.6
4,7,"Sacramento",38.9
4,7,"San Francisco",39.9
4,7,"Seattle",47.3
4,7,"St. Louis",49.7
4,7,"Tampa-St. Petersburg",50.4
4,7,"Washington DC",44.5
4,8,"Atlanta",47.6
4,8,"Boston",58.6
4,8,"Charlotte",53.5
4,8,"Chicago",57.7
4,8,"Cleveland",57.1
4,8,"Dallas",49.5
4,8,"Denver",68.9
4,8,"Detroit",57.1
4,8,"Houston",54.3
4,8,"Los Angeles",65
4,8,"Miami",70.6
4,8,"Minneapolis",58.2
4,8,"New York",61
4,8,"Orlando",60
4,8,"Philadelphia",57.9
4,8,"Phoenix",75.5
4,8,"Pittsburgh",63
4,8,"Portland",57.1
4,8,"Raleigh",54.8
4,8,"Sacramento",52.7
4,8,"San Francisco",53
4,8,"Seattle",59.4
4,8,"St. Louis",58.3
4,8,"Tampa-St. Petersburg",61.5
4,8,"Washington DC",53.1
4,9,"Atlanta",59.7
4,9,"Boston",67.6
4,9,"Charlotte",66.7
4,9,"Chicago",73.8
4,9,"Cleveland",67.2
4,9,"Dallas",67.4
4,9,"Denver",86.8
4,9,"Detroit",67.2
4,9,"Houston",71.4
4,9,"Los Angeles",78.2
4,9,"Miami",78.7
4,9,"Minneapolis",78.3
4,9,"New York",65.4
4,9,"Orlando",72.7
4,9,"Philadelphia",67
4,9,"Phoenix",90.6
4,9,"Pittsburgh",73.7
4,9,"Portland",72.6
4,9,"Raleigh",66.7
4,9,"Sacramento",70.6
4,9,"San Francisco",68.1
4,9,"Seattle",74
4,9,"St. Louis",78.7
4,9,"Tampa-St. Petersburg",75.3
4,9,"Washington DC",64.1
4,10,"Atlanta",65.9
4,10,"Boston",73.5
4,10,"Charlotte",71.4
4,10,"Chicago",72
4,10,"Cleveland",68
4,10,"Dallas",70.9
4,10,"Denver",82.3
4,10,"Detroit",66
4,10,"Houston",71.5
4,10,"Los Angeles",74.9
4,10,"Miami",81.2
4,10,"Minneapolis",76.6
4,10,"New York",69
4,10,"Orlando",80.2
4,10,"Philadelphia",71.3
4,10,"Phoenix",84.5
4,10,"Pittsburgh",73.4
4,10,"Portland",68.8
4,10,"Raleigh",71.9
4,10,"Sacramento",73.2
4,10,"San Francisco",73.9
4,10,"Seattle",70.5
4,10,"St. Louis",73.8
4,10,"Tampa-St. Petersburg",78
4,10,"Washington DC",69.4
4,11,"Atlanta",76
4,11,"Boston",83.4
4,11,"Charlotte",80.7
4,11,"Chicago",79.4
4,11,"Cleveland",76.6
4,11,"Dallas",80
4,11,"Denver",88.7
4,11,"Detroit",73.6
4,11,"Houston",80.3
4,11,"Los Angeles",86.7
4,11,"Miami",88.2
4,11,"Minneapolis",84
4,11,"New York",78.5
4,11,"Orlando",90
4,11,"Philadelphia",80.2
4,11,"Phoenix",90.4
4,11,"Pittsburgh",78.7
4,11,"Portland",84.8
4,11,"Raleigh",81.5
4,11,"Sacramento",87.2
4,11,"San Francisco",88.1
4,11,"Seattle",84.5
4,11,"St. Louis",80.8
4,11,"Tampa-St. Petersburg",88.5
4,11,"Washington DC",78.3
4,12,"Atlanta",82.9
4,12,"Boston",88.5
4,12,"Charlotte",85.3
4,12,"Chicago",80.8
4,12,"Cleveland",83.1
4,12,"Dallas",85.3
4,12,"Denver",96
4,12,"Detroit",78.4
4,12,"Houston",84.7
4,12,"Los Angeles",90
4,12,"Miami",90.4
4,12,"Minneapolis",87.5
4,12,"New York",83.6
4,12,"Orlando",93.2
4,12,"Philadelphia",86.1
4,12,"Phoenix",97.5
4,12,"Pittsburgh",81.1
4,12,"Portland",90
4,12,"Raleigh",86.8
4,12,"Sacramento",95.4
4,12,"San Francisco",94.2
4,12,"Seattle",89.5
4,12,"St. Louis",80.6
4,12,"Tampa-St. Petersburg",92.3
4,12,"Washington DC",84.6
4,13,"Atlanta",85.4
4,13,"Boston",85.4
4,13,"Charlotte",83.6
4,13,"Chicago",86.9
4,13,"Cleveland",80.9
4,13,"Dallas",91.7
4,13,"Denver",92
4,13,"Detroit",79.5
4,13,"Houston",89.1
4,13,"Los Angeles",88.9
4,13,"Miami",88.2
4,13,"Minneapolis",93.6
4,13,"New York",85.2
4,13,"Orlando",89.9
4,13,"Philadelphia",85
4,13,"Phoenix",95.2
4,13,"Pittsburgh",78.6
4,13,"Portland",89.1
4,13,"Raleigh",85
4,13,"Sacramento",96.5
4,13,"San Francisco",93.4
4,13,"Seattle",90.8
4,13,"St. Louis",86.1
4,13,"Tampa-St. Petersburg",86.4
4,13,"Washington DC",85
4,14,"Atlanta",90.3
4,14,"Boston",89.1
4,14,"Charlotte",87.9
4,14,"Chicago",88.6
4,14,"Cleveland",85.4
4,14,"Dallas",90.2
4,14,"Denver",90.6
4,14,"Detroit",84.4
4,14,"Houston",90.6
4,14,"Los Angeles",86
4,14,"Miami",90.3
4,14,"Minneapolis",91.1
4,14,"New York",90.9
4,14,"Orlando",91.9
4,14,"Philadelphia",88.6
4,14,"Phoenix",91.5
4,14,"Pittsburgh",80.2
4,14,"Portland",86.2
4,14,"Raleigh",86.4
4,14,"Sacramento",92.1
4,14,"San Francisco",88
4,14,"Seattle",87.3
4,14,"St. Louis",87.3
4,14,"Tampa-St. Petersburg",88.2
4,14,"Washington DC",88.7
4,15,"Atlanta",100
4,15,"Boston",100
4,15,"Charlotte",100
4,15,"Chicago",100
4,15,"Cleveland",100
4,15,"Dallas",100
4,15,"Denver",100
4,15,"Detroit",100
4,15,"Houston",100
4,15,"Los Angeles",92.4
4,15,"Miami",100
4,15,"Minneapolis",100
4,15,"New York",100
4,15,"Orlando",100
4,15,"Philadelphia",100
4,15,"Phoenix",98.8
4,15,"Pittsburgh",98.3
4,15,"Portland",94.3
4,15,"Raleigh",100
4,15,"Sacramento",99.3
4,15,"San Francisco",93.1
4,15,"Seattle",95.9
4,15,"St. Louis",100
4,15,"Tampa-St. Petersburg",100
4,15,"Washington DC",100
4,16,"Atlanta",97.6
4,16,"Boston",96.5
4,16,"Charlotte",97.1
4,16,"Chicago",98.2
4,16,"Cleveland",99.9
4,16,"Dallas",97.4
4,16,"Denver",95.3
4,16,"Detroit",99.7
4,16,"Houston",93.1
4,16,"Los Angeles",100
4,16,"Miami",98.1
4,16,"Minneapolis",91.6
4,16,"New York",95.3
4,16,"Orlando",96.2
4,16,"Philadelphia",95.9
4,16,"Phoenix",95.9
4,16,"Pittsburgh",100
4,16,"Portland",100
4,16,"Raleigh",96.5
4,16,"Sacramento",100
4,16,"San Francisco",100
4,16,"Seattle",100
4,16,"St. Louis",94.4
4,16,"Tampa-St. Petersburg",95.4
4,16,"Washington DC",97.3
4,17,"Atlanta",89.3
4,17,"Boston",85.3
4,17,"Charlotte",86
4,17,"Chicago",88.7
4,17,"Cleveland",92.3
4,17,"Dallas",91.2
4,17,"Denver",95.5
4,17,"Detroit",89.6
4,17,"Houston",87
4,17,"Los Angeles",95.3
4,17,"Miami",88.7
4,17,"Minneapolis",81.1
4,17,"New York",85.6
4,17,"Orlando",88.6
4,17,"Philadelphia",85.2
4,17,"Phoenix",100
4,17,"Pittsburgh",86
4,17,"Portland",88.7
4,17,"Raleigh",88.1
4,17,"Sacramento",88.8
4,17,"San Francisco",94.2
4,17,"Seattle",90.5
4,17,"St. Louis",84.3
4,17,"Tampa-St. Petersburg",87.4
4,17,"Washington DC",88.7
4,18,"Atlanta",79.7
4,18,"Boston",68.5
4,18,"Charlotte",71.1
4,18,"Chicago",81.2
4,18,"Cleveland",78.3
4,18,"Dallas",89.9
4,18,"Denver",74.9
4,18,"Detroit",75.8
4,18,"Houston",85.2
4,18,"Los Angeles",81
4,18,"Miami",80.6
4,18,"Minneapolis",74.8
4,18,"New York",72.7
4,18,"Orlando",77
4,18,"Philadelphia",70
4,18,"Phoenix",87.4
4,18,"Pittsburgh",67.6
4,18,"Portland",68.8
4,18,"Raleigh",74.9
4,18,"Sacramento",69.4
4,18,"San Francisco",78.8
4,18,"Seattle",71.8
4,18,"St. Louis",73.9
4,18,"Tampa-St. Petersburg",75.8
4,18,"Washington DC",73.4
4,19,"Atlanta",64.7
4,19,"Boston",52.2
4,19,"Charlotte",54.4
4,19,"Chicago",59.2
4,19,"Cleveland",55.8
4,19,"Dallas",64
4,19,"Denver",51.1
4,19,"Detroit",57.7
4,19,"Houston",61.4
4,19,"Los Angeles",62.8
4,19,"Miami",65.6
4,19,"Minneapolis",49.1
4,19,"New York",58.8
4,19,"Orlando",64.3
4,19,"Philadelphia",56.6
4,19,"Phoenix",58.9
4,19,"Pittsburgh",49.5
4,19,"Portland",48.6
4,19,"Raleigh",55.7
4,19,"Sacramento",48.8
4,19,"San Francisco",58.8
4,19,"Seattle",52.4
4,19,"St. Louis",50.9
4,19,"Tampa-St. Petersburg",59.1
4,19,"Washington DC",57.6
4,20,"Atlanta",47.8
4,20,"Boston",38.5
4,20,"Charlotte",39.3
4,20,"Chicago",43
4,20,"Cleveland",41.3
4,20,"Dallas",44.8
4,20,"Denver",41.3
4,20,"Detroit",43.2
4,20,"Houston",42.9
4,20,"Los Angeles",50.5
4,20,"Miami",50.2
4,20,"Minneapolis",35.9
4,20,"New York",46.6
4,20,"Orlando",54.6
4,20,"Philadelphia",43.1
4,20,"Phoenix",47.7
4,20,"Pittsburgh",37.4
4,20,"Portland",37.9
4,20,"Raleigh",42.1
4,20,"Sacramento",38.2
4,20,"San Francisco",48.8
4,20,"Seattle",41.8
4,20,"St. Louis",38.3
4,20,"Tampa-St. Petersburg",44.3
4,20,"Washington DC",44.7
4,21,"Atlanta",36.7
4,21,"Boston",30.1
4,21,"Charlotte",32.1
4,21,"Chicago",37.5
4,21,"Cleveland",33.7
4,21,"Dallas",39
4,21,"Denver",34.3
4,21,"Detroit",33.8
4,21,"Houston",36.3
4,21,"Los Angeles",43.2
4,21,"Miami",39.9
4,21,"Minneapolis",32.7
4,21,"New York",38
4,21,"Orlando",44.7
4,21,"Philadelphia",33.5
4,21,"Phoenix",40.9
4,21,"Pittsburgh",29.7
4,21,"Portland",29.3
4,21,"Raleigh",32.6
4,21,"Sacramento",31.6
4,21,"San Francisco",41.4
4,21,"Seattle",33.3
4,21,"St. Louis",33.9
4,21,"Tampa-St. Petersburg",34.4
4,21,"Washington DC",35.8
4,22,"Atlanta",33.6
4,22,"Boston",27.4
4,22,"Charlotte",27.5
4,22,"Chicago",30.9
4,22,"Cleveland",32.4
4,22,"Dallas",32.1
4,22,"Denver",26.1
4,22,"Detroit",29.5
4,22,"Houston",29.7
4,22,"Los Angeles",35.5
4,22,"Miami",36.4
4,22,"Minneapolis",24.7
4,22,"New York",35.2
4,22,"Orlando",38.3
4,22,"Philadelphia",29.4
4,22,"Phoenix",32.4
4,22,"Pittsburgh",24.7
4,22,"Portland",20.9
4,22,"Raleigh",29.5
4,22,"Sacramento",24.2
4,22,"San Francisco",33.9
4,22,"Seattle",24.9
4,22,"St. Louis",26.8
4,22,"Tampa-St. Petersburg",29.3
4,22,"Washington DC",31.7
4,23,"Atlanta",23.4
4,23,"Boston",17.9
4,23,"Charlotte",17
4,23,"Chicago",21.9
4,23,"Cleveland",23.7
4,23,"Dallas",22.7
4,23,"Denver",16.3
4,23,"Detroit",23.1
4,23,"Houston",20
4,23,"Los Angeles",27.4
4,23,"Miami",28
4,23,"Minneapolis",15.7
4,23,"New York",25.4
4,23,"Orlando",26.4
4,23,"Philadelphia",20
4,23,"Phoenix",18.8
4,23,"Pittsburgh",17.1
4,23,"Portland",14.6
4,23,"Raleigh",19
4,23,"Sacramento",16.1
4,23,"San Francisco",23.2
4,23,"Seattle",17.4
4,23,"St. Louis",16.6
4,23,"Tampa-St. Petersburg",20.3
4,23,"Washington DC",21.7
5,0,"Atlanta",11.5
5,0,"Boston",10.5
5,0,"Charlotte",7.6
5,0,"Chicago",10.5
5,0,"Cleveland",12.2
5,0,"Dallas",9.5
5,0,"Denver",8.8
5,0,"Detroit",11.8
5,0,"Houston",8.6
5,0,"Los Angeles",13.4
5,0,"Miami",14.8
5,0,"Minneapolis",8
5,0,"New York",13.7
5,0,"Orlando",14.6
5,0,"Philadelphia",9.3
5,0,"Phoenix",9.7
5,0,"Pittsburgh",6.9
5,0,"Portland",8
5,0,"Raleigh",8.9
5,0,"Sacramento",7.3
5,0,"San Francisco",10.3
5,0,"Seattle",8.4
5,0,"St. Louis",8.1
5,0,"Tampa-St. Petersburg",8.9
5,0,"Washington DC",9.7
5,1,"Atlanta",4.7
5,1,"Boston",5.2
5,1,"Charlotte",3
5,1,"Chicago",5.3
5,1,"Cleveland",6.1
5,1,"Dallas",4.5
5,1,"Denver",4.7
5,1,"Detroit",5.1
5,1,"Houston",4
5,1,"Los Angeles",6.2
5,1,"Miami",5.8
5,1,"Minneapolis",4.1
5,1,"New York",5.7
5,1,"Orlando",4.8
5,1,"Philadelphia",4.5
5,1,"Phoenix",4.3
5,1,"Pittsburgh",2.9
5,1,"Portland",3.5
5,1,"Raleigh",4.2
5,1,"Sacramento",3.4
5,1,"San Francisco",5.2
5,1,"Seattle",3.9
5,1,"St. Louis",4.9
5,1,"Tampa-St. Petersburg",2.5
5,1,"Washington DC",3.3
5,2,"Atlanta",1.8
5,2,"Boston",2.5
5,2,"Charlotte",1.9
5,2,"Chicago",2.2
5,2,"Cleveland",4
5,2,"Dallas",3
5,2,"Denver",2.8
5,2,"Detroit",4
5,2,"Houston",3
5,2,"Los Angeles",3.2
5,2,"Miami",1.2
5,2,"Minneapolis",2.6
5,2,"New York",2
5,2,"Orlando",1.5
5,2,"Philadelphia",2.4
5,2,"Phoenix",2.6
5,2,"Pittsburgh",2
5,2,"Portland",1.8
5,2,"Raleigh",2.7
5,2,"Sacramento",1.6
5,2,"San Francisco",2.4
5,2,"Seattle",1.4
5,2,"St. Louis",1.6
5,2,"Tampa-St. Petersburg",0.7
5,2,"Washington DC",1.3
5,3,"Atlanta",0.6
5,3,"Boston",0
5,3,"Charlotte",0
5,3,"Chicago",0
5,3,"Cleveland",0.4
5,3,"Dallas",0
5,3,"Denver",0
5,3,"Detroit",0.5
5,3,"Houston",0
5,3,"Los Angeles",0
5,3,"Miami",0
5,3,"Minneapolis",0
5,3,"New York",0
5,3,"Orlando",0
5,3,"Philadelphia",0
5,3,"Phoenix",0
5,3,"Pittsburgh",0.1
5,3,"Portland",0
5,3,"Raleigh",0
5,3,"Sacramento",0
5,3,"San Francisco",0
5,3,"Seattle",0
5,3,"St. Louis",0
5,3,"Tampa-St. Petersburg",0
5,3,"Washington DC",0
5,4,"Atlanta",0
5,4,"Boston",0.5
5,4,"Charlotte",0.1
5,4,"Chicago",0.7
5,4,"Cleveland",0
5,4,"Dallas",0
5,4,"Denver",1.1
5,4,"Detroit",0
5,4,"Houston",0.1
5,4,"Los Angeles",0.7
5,4,"Miami",1.5
5,4,"Minneapolis",0
5,4,"New York",1.7
5,4,"Orlando",2.1
5,4,"Philadelphia",0.2
5,4,"Phoenix",1.3
5,4,"Pittsburgh",0
5,4,"Portland",0.8
5,4,"Raleigh",0.9
5,4,"Sacramento",1
5,4,"San Francisco",1.2
5,4,"Seattle",1.2
5,4,"St. Louis",0.1
5,4,"Tampa-St. Petersburg",0.2
5,4,"Washington DC",0.2
5,5,"Atlanta",3.6
5,5,"Boston",4.4
5,5,"Charlotte",3.3
5,5,"Chicago",5.4
5,5,"Cleveland",2.2
5,5,"Dallas",3.8
5,5,"Denver",5.1
5,5,"Detroit",2.5
5,5,"Houston",3.9
5,5,"Los Angeles",5.7
5,5,"Miami",5.2
5,5,"Minneapolis",3.1
5,5,"New York",4.9
5,5,"Orlando",6.1
5,5,"Philadelphia",3
5,5,"Phoenix",6.6
5,5,"Pittsburgh",3.3
5,5,"Portland",2.8
5,5,"Raleigh",3.7
5,5,"Sacramento",3.4
5,5,"San Francisco",4.5
5,5,"Seattle",4.3
5,5,"St. Louis",2.9
5,5,"Tampa-St. Petersburg",4
5,5,"Washington DC",2.8
5,6,"Atlanta",14.7
5,6,"Boston",18.8
5,6,"Charlotte",15.2
5,6,"Chicago",19.1
5,6,"Cleveland",11.7
5,6,"Dallas",14.2
5,6,"Denver",18.6
5,6,"Detroit",13.9
5,6,"Houston",16.2
5,6,"Los Angeles",21
5,6,"Miami",22.1
5,6,"Minneapolis",12.7
5,6,"New York",19.1
5,6,"Orlando",21.1
5,6,"Philadelphia",15.1
5,6,"Phoenix",22.8
5,6,"Pittsburgh",15.2
5,6,"Portland",12.1
5,6,"Raleigh",14.3
5,6,"Sacramento",13.2
5,6,"San Francisco",14.3
5,6,"Seattle",12.7
5,6,"St. Louis",14.3
5,6,"Tampa-St. Petersburg",17.7
5,6,"Washington DC",14.1
5,7,"Atlanta",29.9
5,7,"Boston",36.3
5,7,"Charlotte",31.4
5,7,"Chicago",37.3
5,7,"Cleveland",27.9
5,7,"Dallas",30
5,7,"Denver",37.4
5,7,"Detroit",31.1
5,7,"Houston",35.6
5,7,"Los Angeles",42.3
5,7,"Miami",45.7
5,7,"Minneapolis",28.6
5,7,"New York",38
5,7,"Orlando",41.5
5,7,"Philadelphia",32.1
5,7,"Phoenix",44.9
5,7,"Pittsburgh",31.7
5,7,"Portland",28.5
5,7,"Raleigh",31.2
5,7,"Sacramento",30.1
5,7,"San Francisco",31.9
5,7,"Seattle",28.2
5,7,"St. Louis",31.7
5,7,"Tampa-St. Petersburg",37.6
5,7,"Washington DC",30.4
5,8,"Atlanta",46.9
5,8,"Boston",50.7
5,8,"Charlotte",47.4
5,8,"Chicago",50.9
5,8,"Cleveland",47
5,8,"Dallas",43.3
5,8,"Denver",59.8
5,8,"Detroit",47.2
5,8,"Houston",50.5
5,8,"Los Angeles",57
5,8,"Miami",61.6
5,8,"Minneapolis",46.3
5,8,"New York",51.8
5,8,"Orlando",62.3
5,8,"Philadelphia",48.3
5,8,"Phoenix",67.3
5,8,"Pittsburgh",47.7
5,8,"Portland",46.3
5,8,"Raleigh",48.6
5,8,"Sacramento",46.3
5,8,"San Francisco",47.8
5,8,"Seattle",45
5,8,"St. Louis",48.4
5,8,"Tampa-St. Petersburg",58.7
5,8,"Washington DC",46.6
5,9,"Atlanta",64.8
5,9,"Boston",64.1
5,9,"Charlotte",65.5
5,9,"Chicago",72.7
5,9,"Cleveland",63
5,9,"Dallas",64.3
5,9,"Denver",82.6
5,9,"Detroit",63.1
5,9,"Houston",72.4
5,9,"Los Angeles",72.1
5,9,"Miami",76.9
5,9,"Minneapolis",75
5,9,"New York",62.7
5,9,"Orlando",79.8
5,9,"Philadelphia",63.4
5,9,"Phoenix",87.2
5,9,"Pittsburgh",65.2
5,9,"Portland",68.6
5,9,"Raleigh",65.7
5,9,"Sacramento",67.2
5,9,"San Francisco",68.4
5,9,"Seattle",64.7
5,9,"St. Louis",74.8
5,9,"Tampa-St. Petersburg",79.2
5,9,"Washington DC",62.5
5,10,"Atlanta",73.5
5,10,"Boston",71.2
5,10,"Charlotte",73.8
5,10,"Chicago",71.8
5,10,"Cleveland",67
5,10,"Dallas",68.7
5,10,"Denver",81.2
5,10,"Detroit",64.2
5,10,"Houston",74.3
5,10,"Los Angeles",69.6
5,10,"Miami",79.7
5,10,"Minneapolis",77.9
5,10,"New York",69.2
5,10,"Orlando",89.7
5,10,"Philadelphia",69.4
5,10,"Phoenix",83.7
5,10,"Pittsburgh",68.8
5,10,"Portland",66.9
5,10,"Raleigh",72.8
5,10,"Sacramento",69.7
5,10,"San Francisco",73.5
5,10,"Seattle",63.4
5,10,"St. Louis",74.3
5,10,"Tampa-St. Petersburg",84.2
5,10,"Washington DC",72.1
5,11,"Atlanta",85.4
5,11,"Boston",84.2
5,11,"Charlotte",85.3
5,11,"Chicago",79
5,11,"Cleveland",82.6
5,11,"Dallas",79.3
5,11,"Denver",84.9
5,11,"Detroit",73.5
5,11,"Houston",81.6
5,11,"Los Angeles",80.7
5,11,"Miami",88.6
5,11,"Minneapolis",87.9
5,11,"New York",79.3
5,11,"Orlando",98.1
5,11,"Philadelphia",79.4
5,11,"Phoenix",88.1
5,11,"Pittsburgh",81.5
5,11,"Portland",81.9
5,11,"Raleigh",87.7
5,11,"Sacramento",85.6
5,11,"San Francisco",86.9
5,11,"Seattle",78.2
5,11,"St. Louis",81.4
5,11,"Tampa-St. Petersburg",94.5
5,11,"Washington DC",82.5
5,12,"Atlanta",87.2
5,12,"Boston",88.6
5,12,"Charlotte",87.4
5,12,"Chicago",80.3
5,12,"Cleveland",80
5,12,"Dallas",82.9
5,12,"Denver",92.9
5,12,"Detroit",77.6
5,12,"Houston",83.5
5,12,"Los Angeles",84.5
5,12,"Miami",91.9
5,12,"Minneapolis",88.8
5,12,"New York",84.4
5,12,"Orlando",99
5,12,"Philadelphia",85.1
5,12,"Phoenix",96.1
5,12,"Pittsburgh",85.4
5,12,"Portland",92
5,12,"Raleigh",95.6
5,12,"Sacramento",94
5,12,"San Francisco",90.5
5,12,"Seattle",85.5
5,12,"St. Louis",82.2
5,12,"Tampa-St. Petersburg",96.1
5,12,"Washington DC",89.3
5,13,"Atlanta",85.2
5,13,"Boston",84.9
5,13,"Charlotte",84.6
5,13,"Chicago",87.3
5,13,"Cleveland",75.2
5,13,"Dallas",88.5
5,13,"Denver",93.9
5,13,"Detroit",75.9
5,13,"Houston",88.9
5,13,"Los Angeles",85.7
5,13,"Miami",89.7
5,13,"Minneapolis",92
5,13,"New York",82.6
5,13,"Orlando",91.1
5,13,"Philadelphia",84.4
5,13,"Phoenix",96.6
5,13,"Pittsburgh",81.7
5,13,"Portland",94.8
5,13,"Raleigh",94
5,13,"Sacramento",94.8
5,13,"San Francisco",90.9
5,13,"Seattle",88.9
5,13,"St. Louis",87.7
5,13,"Tampa-St. Petersburg",90.3
5,13,"Washington DC",88.3
5,14,"Atlanta",88.6
5,14,"Boston",88.4
5,14,"Charlotte",88
5,14,"Chicago",87
5,14,"Cleveland",77
5,14,"Dallas",88.2
5,14,"Denver",90.2
5,14,"Detroit",79.5
5,14,"Houston",87.9
5,14,"Los Angeles",82.1
5,14,"Miami",90.2
5,14,"Minneapolis",87.9
5,14,"New York",88.1
5,14,"Orlando",91.8
5,14,"Philadelphia",88.2
5,14,"Phoenix",91.6
5,14,"Pittsburgh",82.7
5,14,"Portland",87.6
5,14,"Raleigh",94.6
5,14,"Sacramento",87.6
5,14,"San Francisco",86.5
5,14,"Seattle",85.4
5,14,"St. Louis",86.8
5,14,"Tampa-St. Petersburg",90.1
5,14,"Washington DC",89.9
5,15,"Atlanta",100
5,15,"Boston",100
5,15,"Charlotte",98.5
5,15,"Chicago",100
5,15,"Cleveland",89.3
5,15,"Dallas",100
5,15,"Denver",98
5,15,"Detroit",93.9
5,15,"Houston",100
5,15,"Los Angeles",90.5
5,15,"Miami",99.7
5,15,"Minneapolis",100
5,15,"New York",100
5,15,"Orlando",100
5,15,"Philadelphia",100
5,15,"Phoenix",97.1
5,15,"Pittsburgh",100
5,15,"Portland",97.4
5,15,"Raleigh",100
5,15,"Sacramento",96.2
5,15,"San Francisco",94.2
5,15,"Seattle",94.9
5,15,"St. Louis",100
5,15,"Tampa-St. Petersburg",100
5,15,"Washington DC",100
5,16,"Atlanta",98
5,16,"Boston",97.7
5,16,"Charlotte",100
5,16,"Chicago",96.8
5,16,"Cleveland",100
5,16,"Dallas",95.1
5,16,"Denver",97.1
5,16,"Detroit",100
5,16,"Houston",94.9
5,16,"Los Angeles",100
5,16,"Miami",100
5,16,"Minneapolis",97.5
5,16,"New York",99
5,16,"Orlando",99
5,16,"Philadelphia",96.4
5,16,"Phoenix",94.5
5,16,"Pittsburgh",97.1
5,16,"Portland",100
5,16,"Raleigh",93
5,16,"Sacramento",100
5,16,"San Francisco",99.9
5,16,"Seattle",100
5,16,"St. Louis",93.1
5,16,"Tampa-St. Petersburg",99.6
5,16,"Washington DC",98.5
5,17,"Atlanta",88
5,17,"Boston",86.2
5,17,"Charlotte",90.2
5,17,"Chicago",90.1
5,17,"Cleveland",87.6
5,17,"Dallas",92.4
5,17,"Denver",100
5,17,"Detroit",88.4
5,17,"Houston",91.4
5,17,"Los Angeles",99.5
5,17,"Miami",91.4
5,17,"Minneapolis",88.8
5,17,"New York",90.6
5,17,"Orlando",94.3
5,17,"Philadelphia",87
5,17,"Phoenix",100
5,17,"Pittsburgh",83.9
5,17,"Portland",85.8
5,17,"Raleigh",85.6
5,17,"Sacramento",92.6
5,17,"San Francisco",100
5,17,"Seattle",86.8
5,17,"St. Louis",85.6
5,17,"Tampa-St. Petersburg",90
5,17,"Washington DC",90.7
5,18,"Atlanta",80
5,18,"Boston",74.9
5,18,"Charlotte",74
5,18,"Chicago",85.7
5,18,"Cleveland",76.2
5,18,"Dallas",93
5,18,"Denver",82.8
5,18,"Detroit",76.3
5,18,"Houston",93
5,18,"Los Angeles",82.9
5,18,"Miami",88.2
5,18,"Minneapolis",81.4
5,18,"New York",81.8
5,18,"Orlando",86.5
5,18,"Philadelphia",73
5,18,"Phoenix",94.9
5,18,"Pittsburgh",66.4
5,18,"Portland",64.6
5,18,"Raleigh",73.6
5,18,"Sacramento",71.9
5,18,"San Francisco",82.7
5,18,"Seattle",68.9
5,18,"St. Louis",78.2
5,18,"Tampa-St. Petersburg",80.3
5,18,"Washington DC",78.7
5,19,"Atlanta",67.9
5,19,"Boston",56.9
5,19,"Charlotte",56
5,19,"Chicago",63.5
5,19,"Cleveland",58.5
5,19,"Dallas",67.3
5,19,"Denver",55.6
5,19,"Detroit",58.7
5,19,"Houston",66.8
5,19,"Los Angeles",65
5,19,"Miami",72.6
5,19,"Minneapolis",56
5,19,"New York",71.3
5,19,"Orlando",73.2
5,19,"Philadelphia",57.3
5,19,"Phoenix",67.1
5,19,"Pittsburgh",49.9
5,19,"Portland",48.1
5,19,"Raleigh",60.1
5,19,"Sacramento",49.1
5,19,"San Francisco",63.6
5,19,"Seattle",54.2
5,19,"St. Louis",53.1
5,19,"Tampa-St. Petersburg",63.3
5,19,"Washington DC",64.8
5,20,"Atlanta",53.8
5,20,"Boston",43.3
5,20,"Charlotte",41.3
5,20,"Chicago",46.4
5,20,"Cleveland",45.1
5,20,"Dallas",47.5
5,20,"Denver",44.6
5,20,"Detroit",44.4
5,20,"Houston",47.2
5,20,"Los Angeles",52.7
5,20,"Miami",56.2
5,20,"Minneapolis",39.5
5,20,"New York",58.6
5,20,"Orlando",60.5
5,20,"Philadelphia",45
5,20,"Phoenix",53.2
5,20,"Pittsburgh",38.1
5,20,"Portland",39.4
5,20,"Raleigh",48.9
5,20,"Sacramento",41.5
5,20,"San Francisco",53
5,20,"Seattle",43.8
5,20,"St. Louis",39.3
5,20,"Tampa-St. Petersburg",48
5,20,"Washington DC",50.9
5,21,"Atlanta",41.3
5,21,"Boston",33.7
5,21,"Charlotte",33.7
5,21,"Chicago",40.4
5,21,"Cleveland",35.7
5,21,"Dallas",40.3
5,21,"Denver",36.6
5,21,"Detroit",34.2
5,21,"Houston",42
5,21,"Los Angeles",45.8
5,21,"Miami",42.9
5,21,"Minneapolis",34
5,21,"New York",46.9
5,21,"Orlando",50.6
5,21,"Philadelphia",36.3
5,21,"Phoenix",43.7
5,21,"Pittsburgh",31.4
5,21,"Portland",32.5
5,21,"Raleigh",35.2
5,21,"Sacramento",35.2
5,21,"San Francisco",48.5
5,21,"Seattle",37.2
5,21,"St. Louis",34.1
5,21,"Tampa-St. Petersburg",39.1
5,21,"Washington DC",39.9
5,22,"Atlanta",34.8
5,22,"Boston",29.9
5,22,"Charlotte",28.8
5,22,"Chicago",34.3
5,22,"Cleveland",31.2
5,22,"Dallas",33.7
5,22,"Denver",28.7
5,22,"Detroit",34.5
5,22,"Houston",33.4
5,22,"Los Angeles",38.1
5,22,"Miami",39
5,22,"Minneapolis",26.4
5,22,"New York",42.3
5,22,"Orlando",42.9
5,22,"Philadelphia",33
5,22,"Phoenix",34.1
5,22,"Pittsburgh",26.8
5,22,"Portland",22
5,22,"Raleigh",28
5,22,"Sacramento",24.7
5,22,"San Francisco",38.4
5,22,"Seattle",26.5
5,22,"St. Louis",27.3
5,22,"Tampa-St. Petersburg",31.8
5,22,"Washington DC",34.4
5,23,"Atlanta",24.5
5,23,"Boston",22.7
5,23,"Charlotte",20.6
5,23,"Chicago",24.8
5,23,"Cleveland",24.2
5,23,"Dallas",22.5
5,23,"Denver",19.6
5,23,"Detroit",22.1
5,23,"Houston",22.6
5,23,"Los Angeles",28.7
5,23,"Miami",30.4
5,23,"Minneapolis",20
5,23,"New York",33.5
5,23,"Orlando",30
5,23,"Philadelphia",22.3
5,23,"Phoenix",21.3
5,23,"Pittsburgh",17.5
5,23,"Portland",15.9
5,23,"Raleigh",19.5
5,23,"Sacramento",17.8
5,23,"San Francisco",26.5
5,23,"Seattle",18.5
5,23,"St. Louis",18.1
5,23,"Tampa-St. Petersburg",21.1
5,23,"Washington DC",23.5
6,0,"Atlanta",14
6,0,"Boston",16.9
6,0,"Charlotte",11.3
6,0,"Chicago",14.6
6,0,"Cleveland",16.6
6,0,"Dallas",13.6
6,0,"Denver",13.4
6,0,"Detroit",16.3
6,0,"Houston",12.6
6,0,"Los Angeles",19.9
6,0,"Miami",19.5
6,0,"Minneapolis",11.6
6,0,"New York",21
6,0,"Orlando",17.9
6,0,"Philadelphia",14.8
6,0,"Phoenix",15.8
6,0,"Pittsburgh",9.9
6,0,"Portland",10.9
6,0,"Raleigh",11.1
6,0,"Sacramento",13
6,0,"San Francisco",18.2
6,0,"Seattle",12
6,0,"St. Louis",10.7
6,0,"Tampa-St. Petersburg",13.8
6,0,"Washington DC",13.9
6,1,"Atlanta",6
6,1,"Boston",9.4
6,1,"Charlotte",4.9
6,1,"Chicago",7.9
6,1,"Cleveland",8.9
6,1,"Dallas",7.7
6,1,"Denver",7.7
6,1,"Detroit",8.7
6,1,"Houston",7
6,1,"Los Angeles",10.3
6,1,"Miami",8.7
6,1,"Minneapolis",7
6,1,"New York",8.9
6,1,"Orlando",5.9
6,1,"Philadelphia",7.6
6,1,"Phoenix",7.9
6,1,"Pittsburgh",4.8
6,1,"Portland",4.9
6,1,"Raleigh",5.7
6,1,"Sacramento",8
6,1,"San Francisco",9.4
6,1,"Seattle",5.9
6,1,"St. Louis",6.4
6,1,"Tampa-St. Petersburg",5.9
6,1,"Washington DC",5.8
6,2,"Atlanta",2.3
6,2,"Boston",5.1
6,2,"Charlotte",3.6
6,2,"Chicago",3.7
6,2,"Cleveland",6.5
6,2,"Dallas",5.4
6,2,"Denver",4.5
6,2,"Detroit",6.8
6,2,"Houston",5.2
6,2,"Los Angeles",5.8
6,2,"Miami",3
6,2,"Minneapolis",5.2
6,2,"New York",3.2
6,2,"Orlando",2.2
6,2,"Philadelphia",4.6
6,2,"Phoenix",4.3
6,2,"Pittsburgh",3.2
6,2,"Portland",2.5
6,2,"Raleigh",4
6,2,"Sacramento",3.6
6,2,"San Francisco",3.9
6,2,"Seattle",3.1
6,2,"St. Louis",2.5
6,2,"Tampa-St. Petersburg",2.5
6,2,"Washington DC",3
6,3,"Atlanta",1.1
6,3,"Boston",0
6,3,"Charlotte",0
6,3,"Chicago",1
6,3,"Cleveland",1.4
6,3,"Dallas",1.2
6,3,"Denver",0
6,3,"Detroit",2.2
6,3,"Houston",0.9
6,3,"Los Angeles",0.3
6,3,"Miami",0
6,3,"Minneapolis",0.8
6,3,"New York",0
6,3,"Orlando",0
6,3,"Philadelphia",0.6
6,3,"Phoenix",0
6,3,"Pittsburgh",0
6,3,"Portland",0
6,3,"Raleigh",1.1
6,3,"Sacramento",0
6,3,"San Francisco",0
6,3,"Seattle",0
6,3,"St. Louis",0.8
6,3,"Tampa-St. Petersburg",1.4
6,3,"Washington DC",0.9
6,4,"Atlanta",0
6,4,"Boston",0.3
6,4,"Charlotte",0.5
6,4,"Chicago",0
6,4,"Cleveland",0
6,4,"Dallas",0
6,4,"Denver",1.1
6,4,"Detroit",0
6,4,"Houston",0
6,4,"Los Angeles",0
6,4,"Miami",0.6
6,4,"Minneapolis",0
6,4,"New York",0
6,4,"Orlando",1.5
6,4,"Philadelphia",0
6,4,"Phoenix",0.4
6,4,"Pittsburgh",0.1
6,4,"Portland",0
6,4,"Raleigh",0
6,4,"Sacramento",1.2
6,4,"San Francisco",1
6,4,"Seattle",0.9
6,4,"St. Louis",0
6,4,"Tampa-St. Petersburg",0
6,4,"Washington DC",0
6,5,"Atlanta",2.4
6,5,"Boston",2.5
6,5,"Charlotte",3.6
6,5,"Chicago",3
6,5,"Cleveland",0.9
6,5,"Dallas",2.5
6,5,"Denver",3.9
6,5,"Detroit",1.3
6,5,"Houston",2.3
6,5,"Los Angeles",3.8
6,5,"Miami",2.8
6,5,"Minneapolis",1.8
6,5,"New York",1.9
6,5,"Orlando",4.9
6,5,"Philadelphia",2.6
6,5,"Phoenix",5
6,5,"Pittsburgh",2.3
6,5,"Portland",1.9
6,5,"Raleigh",1.9
6,5,"Sacramento",2.9
6,5,"San Francisco",4.3
6,5,"Seattle",4.1
6,5,"St. Louis",3.3
6,5,"Tampa-St. Petersburg",2.4
6,5,"Washington DC",2.6
6,6,"Atlanta",10.3
6,6,"Boston",12.9
6,6,"Charlotte",11.3
6,6,"Chicago",11.2
6,6,"Cleveland",8.4
6,6,"Dallas",8.8
6,6,"Denver",15.1
6,6,"Detroit",9.5
6,6,"Houston",10.2
6,6,"Los Angeles",14.2
6,6,"Miami",13.5
6,6,"Minneapolis",7.7
6,6,"New York",12.7
6,6,"Orlando",13.8
6,6,"Philadelphia",12.7
6,6,"Phoenix",16.5
6,6,"Pittsburgh",11.7
6,6,"Portland",8.6
6,6,"Raleigh",9.4
6,6,"Sacramento",10.2
6,6,"San Francisco",11
6,6,"Seattle",11.6
6,6,"St. Louis",12
6,6,"Tampa-St. Petersburg",11.3
6,6,"Washington DC",12.7
6,7,"Atlanta",21.5
6,7,"Boston",27.7
6,7,"Charlotte",23.3
6,7,"Chicago",22.6
6,7,"Cleveland",19.5
6,7,"Dallas",19.7
6,7,"Denver",31.6
6,7,"Detroit",19.1
6,7,"Houston",23.2
6,7,"Los Angeles",32.2
6,7,"Miami",30.4
6,7,"Minneapolis",17.9
6,7,"New York",26.2
6,7,"Orlando",29.7
6,7,"Philadelphia",27.6
6,7,"Phoenix",34.4
6,7,"Pittsburgh",23
6,7,"Portland",20.1
6,7,"Raleigh",21.7
6,7,"Sacramento",26.1
6,7,"San Francisco",26.4
6,7,"Seattle",24
6,7,"St. Louis",24.5
6,7,"Tampa-St. Petersburg",26
6,7,"Washington DC",26.8
6,8,"Atlanta",35.7
6,8,"Boston",45.9
6,8,"Charlotte",40.3
6,8,"Chicago",36.7
6,8,"Cleveland",34.8
6,8,"Dallas",32.7
6,8,"Denver",55.7
6,8,"Detroit",31.6
6,8,"Houston",37.7
6,8,"Los Angeles",49.5
6,8,"Miami",45.8
6,8,"Minneapolis",35.1
6,8,"New York",39.6
6,8,"Orlando",46.6
6,8,"Philadelphia",43.3
6,8,"Phoenix",59.3
6,8,"Pittsburgh",37.9
6,8,"Portland",40.5
6,8,"Raleigh",38
6,8,"Sacramento",46.3
6,8,"San Francisco",43.2
6,8,"Seattle",42.1
6,8,"St. Louis",40.9
6,8,"Tampa-St. Petersburg",44.5
6,8,"Washington DC",42.8
6,9,"Atlanta",53.4
6,9,"Boston",67.1
6,9,"Charlotte",62.3
6,9,"Chicago",59.3
6,9,"Cleveland",57.3
6,9,"Dallas",54.1
6,9,"Denver",78.7
6,9,"Detroit",53
6,9,"Houston",60.6
6,9,"Los Angeles",69.9
6,9,"Miami",65
6,9,"Minneapolis",59.1
6,9,"New York",55.4
6,9,"Orlando",67.5
6,9,"Philadelphia",61.8
6,9,"Phoenix",84.3
6,9,"Pittsburgh",59.4
6,9,"Portland",66.1
6,9,"Raleigh",58.2
6,9,"Sacramento",71.2
6,9,"San Francisco",66.2
6,9,"Seattle",67.7
6,9,"St. Louis",66.7
6,9,"Tampa-St. Petersburg",67.2
6,9,"Washington DC",61.4
6,10,"Atlanta",62.6
6,10,"Boston",77.4
6,10,"Charlotte",65.6
6,10,"Chicago",62.2
6,10,"Cleveland",61.5
6,10,"Dallas",56.8
6,10,"Denver",77.9
6,10,"Detroit",53.2
6,10,"Houston",61
6,10,"Los Angeles",68.7
6,10,"Miami",69.8
6,10,"Minneapolis",64.3
6,10,"New York",64
6,10,"Orlando",78.5
6,10,"Philadelphia",70.4
6,10,"Phoenix",80.9
6,10,"Pittsburgh",65.5
6,10,"Portland",60.7
6,10,"Raleigh",60.9
6,10,"Sacramento",71
6,10,"San Francisco",71.7
6,10,"Seattle",66.8
6,10,"St. Louis",66
6,10,"Tampa-St. Petersburg",72.7
6,10,"Washington DC",68.9
6,11,"Atlanta",72.6
6,11,"Boston",90
6,11,"Charlotte",74.7
6,11,"Chicago",74.1
6,11,"Cleveland",74.5
6,11,"Dallas",66.4
6,11,"Denver",83.9
6,11,"Detroit",64.2
6,11,"Houston",70.8
6,11,"Los Angeles",81.1
6,11,"Miami",78.6
6,11,"Minneapolis",74.6
6,11,"New York",75.8
6,11,"Orlando",92.5
6,11,"Philadelphia",82
6,11,"Phoenix",86.4
6,11,"Pittsburgh",76.8
6,11,"Portland",78.7
6,11,"Raleigh",71.6
6,11,"Sacramento",88.4
6,11,"San Francisco",87.4
6,11,"Seattle",84.7
6,11,"St. Louis",74.9
6,11,"Tampa-St. Petersburg",84.2
6,11,"Washington DC",80.2
6,12,"Atlanta",84
6,12,"Boston",98.2
6,12,"Charlotte",87.6
6,12,"Chicago",78.6
6,12,"Cleveland",87.6
6,12,"Dallas",76.3
6,12,"Denver",97
6,12,"Detroit",76
6,12,"Houston",78.4
6,12,"Los Angeles",87.9
6,12,"Miami",85.3
6,12,"Minneapolis",82.5
6,12,"New York",83.1
6,12,"Orlando",93.2
6,12,"Philadelphia",92.2
6,12,"Phoenix",99.4
6,12,"Pittsburgh",86.3
6,12,"Portland",92.4
6,12,"Raleigh",85.4
6,12,"Sacramento",98.7
6,12,"San Francisco",92
6,12,"Seattle",100
6,12,"St. Louis",83.2
6,12,"Tampa-St. Petersburg",93.4
6,12,"Washington DC",87.8
6,13,"Atlanta",85.6
6,13,"Boston",88.8
6,13,"Charlotte",87.3
6,13,"Chicago",87.7
6,13,"Cleveland",87.9
6,13,"Dallas",87
6,13,"Denver",96.6
6,13,"Detroit",77.5
6,13,"Houston",87.3
6,13,"Los Angeles",90.4
6,13,"Miami",85.8
6,13,"Minneapolis",87.5
6,13,"New York",84.9
6,13,"Orlando",92.4
6,13,"Philadelphia",86.1
6,13,"Phoenix",100
6,13,"Pittsburgh",85.1
6,13,"Portland",96.5
6,13,"Raleigh",86.8
6,13,"Sacramento",100
6,13,"San Francisco",88.4
6,13,"Seattle",99.1
6,13,"St. Louis",87.3
6,13,"Tampa-St. Petersburg",89.1
6,13,"Washington DC",89.1
6,14,"Atlanta",88.5
6,14,"Boston",86.8
6,14,"Charlotte",89.8
6,14,"Chicago",88.3
6,14,"Cleveland",89.4
6,14,"Dallas",89.1
6,14,"Denver",94.7
6,14,"Detroit",82.5
6,14,"Houston",88.2
6,14,"Los Angeles",87
6,14,"Miami",90.6
6,14,"Minneapolis",87.1
6,14,"New York",90.5
6,14,"Orlando",92.2
6,14,"Philadelphia",86.9
6,14,"Phoenix",93.2
6,14,"Pittsburgh",86.3
6,14,"Portland",87.5
6,14,"Raleigh",90.5
6,14,"Sacramento",91
6,14,"San Francisco",82.9
6,14,"Seattle",84.5
6,14,"St. Louis",88.5
6,14,"Tampa-St. Petersburg",87.5
6,14,"Washington DC",92
6,15,"Atlanta",98.2
6,15,"Boston",96.5
6,15,"Charlotte",100
6,15,"Chicago",100
6,15,"Cleveland",100
6,15,"Dallas",100
6,15,"Denver",100
6,15,"Detroit",100
6,15,"Houston",100
6,15,"Los Angeles",95
6,15,"Miami",100
6,15,"Minneapolis",100
6,15,"New York",100
6,15,"Orlando",100
6,15,"Philadelphia",97.3
6,15,"Phoenix",99.6
6,15,"Pittsburgh",100
6,15,"Portland",98
6,15,"Raleigh",100
6,15,"Sacramento",96.6
6,15,"San Francisco",86.7
6,15,"Seattle",88
6,15,"St. Louis",100
6,15,"Tampa-St. Petersburg",100
6,15,"Washington DC",100
6,16,"Atlanta",100
6,16,"Boston",100
6,16,"Charlotte",95.8
6,16,"Chicago",94.1
6,16,"Cleveland",98
6,16,"Dallas",92.1
6,16,"Denver",97
6,16,"Detroit",97.5
6,16,"Houston",94.6
6,16,"Los Angeles",100
6,16,"Miami",98
6,16,"Minneapolis",92.8
6,16,"New York",95.2
6,16,"Orlando",97.8
6,16,"Philadelphia",100
6,16,"Phoenix",95.9
6,16,"Pittsburgh",94.9
6,16,"Portland",100
6,16,"Raleigh",94.2
6,16,"Sacramento",91.6
6,16,"San Francisco",98.6
6,16,"Seattle",97.1
6,16,"St. Louis",90.3
6,16,"Tampa-St. Petersburg",99.6
6,16,"Washington DC",96.9
6,17,"Atlanta",92.3
6,17,"Boston",89.9
6,17,"Charlotte",85.6
6,17,"Chicago",81.6
6,17,"Cleveland",82.7
6,17,"Dallas",82.9
6,17,"Denver",96.5
6,17,"Detroit",81.6
6,17,"Houston",86.9
6,17,"Los Angeles",93.7
6,17,"Miami",90.2
6,17,"Minneapolis",79.9
6,17,"New York",85.2
6,17,"Orlando",88.2
6,17,"Philadelphia",90.6
6,17,"Phoenix",98.1
6,17,"Pittsburgh",83.4
6,17,"Portland",87.5
6,17,"Raleigh",81.6
6,17,"Sacramento",79.5
6,17,"San Francisco",100
6,17,"Seattle",90.1
6,17,"St. Louis",75.7
6,17,"Tampa-St. Petersburg",87.8
6,17,"Washington DC",86.8
6,18,"Atlanta",76.1
6,18,"Boston",71.6
6,18,"Charlotte",66.9
6,18,"Chicago",73.3
6,18,"Cleveland",64.2
6,18,"Dallas",75.4
6,18,"Denver",77.2
6,18,"Detroit",65.9
6,18,"Houston",79.3
6,18,"Los Angeles",74.4
6,18,"Miami",82.1
6,18,"Minneapolis",64
6,18,"New York",71
6,18,"Orlando",77.9
6,18,"Philadelphia",74.5
6,18,"Phoenix",92
6,18,"Pittsburgh",67.2
6,18,"Portland",62.3
6,18,"Raleigh",65.1
6,18,"Sacramento",60.5
6,18,"San Francisco",78.9
6,18,"Seattle",66.6
6,18,"St. Louis",65.2
6,18,"Tampa-St. Petersburg",75.9
6,18,"Washington DC",71.2
6,19,"Atlanta",59.1
6,19,"Boston",52.5
6,19,"Charlotte",49.9
6,19,"Chicago",51.1
6,19,"Cleveland",45
6,19,"Dallas",53.3
6,19,"Denver",47
6,19,"Detroit",48.1
6,19,"Houston",55.2
6,19,"Los Angeles",57.1
6,19,"Miami",65.6
6,19,"Minneapolis",41.5
6,19,"New York",58.4
6,19,"Orlando",62.8
6,19,"Philadelphia",56.6
6,19,"Phoenix",63.7
6,19,"Pittsburgh",49.6
6,19,"Portland",46.4
6,19,"Raleigh",48.1
6,19,"Sacramento",44
6,19,"San Francisco",57.6
6,19,"Seattle",50
6,19,"St. Louis",42.7
6,19,"Tampa-St. Petersburg",53.8
6,19,"Washington DC",53.9
6,20,"Atlanta",41.9
6,20,"Boston",38.4
6,20,"Charlotte",37.3
6,20,"Chicago",34.5
6,20,"Cleveland",33.3
6,20,"Dallas",37.6
6,20,"Denver",35.3
6,20,"Detroit",34.6
6,20,"Houston",38.3
6,20,"Los Angeles",46.8
6,20,"Miami",48.8
6,20,"Minneapolis",27.9
6,20,"New York",46.1
6,20,"Orlando",47.1
6,20,"Philadelphia",41.5
6,20,"Phoenix",45.6
6,20,"Pittsburgh",34.1
6,20,"Portland",35.7
6,20,"Raleigh",32.5
6,20,"Sacramento",32.4
6,20,"San Francisco",45
6,20,"Seattle",36.4
6,20,"St. Louis",26.9
6,20,"Tampa-St. Petersburg",37.6
6,20,"Washington DC",42.2
6,21,"Atlanta",25.2
6,21,"Boston",24.2
6,21,"Charlotte",24
6,21,"Chicago",24.5
6,21,"Cleveland",20.9
6,21,"Dallas",26.8
6,21,"Denver",23.7
6,21,"Detroit",22.5
6,21,"Houston",28.4
6,21,"Los Angeles",36.6
6,21,"Miami",33.4
6,21,"Minneapolis",19.9
6,21,"New York",32.3
6,21,"Orlando",33
6,21,"Philadelphia",26.3
6,21,"Phoenix",30.9
6,21,"Pittsburgh",19.8
6,21,"Portland",25.9
6,21,"Raleigh",19.6
6,21,"Sacramento",23
6,21,"San Francisco",34.3
6,21,"Seattle",25.2
6,21,"St. Louis",18.5
6,21,"Tampa-St. Petersburg",24.2
6,21,"Washington DC",27.8
6,22,"Atlanta",17.4
6,22,"Boston",16.7
6,22,"Charlotte",16.8
6,22,"Chicago",15.2
6,22,"Cleveland",14.4
6,22,"Dallas",17.1
6,22,"Denver",16.4
6,22,"Detroit",15.5
6,22,"Houston",17.7
6,22,"Los Angeles",24.2
6,22,"Miami",24.4
6,22,"Minneapolis",11
6,22,"New York",22.6
6,22,"Orlando",22.6
6,22,"Philadelphia",17.5
6,22,"Phoenix",19.2
6,22,"Pittsburgh",13.6
6,22,"Portland",16.5
6,22,"Raleigh",11.8
6,22,"Sacramento",14.2
6,22,"San Francisco",23.3
6,22,"Seattle",15.8
6,22,"St. Louis",10.2
6,22,"Tampa-St. Petersburg",15.2
6,22,"Washington DC",18.1
6,23,"Atlanta",8.8
6,23,"Boston",9.2
6,23,"Charlotte",8.1
6,23,"Chicago",7.1
6,23,"Cleveland",8.5
6,23,"Dallas",8.7
6,23,"Denver",10.9
6,23,"Detroit",8.7
6,23,"Houston",9.4
6,23,"Los Angeles",13.5
6,23,"Miami",12.4
6,23,"Minneapolis",5.3
6,23,"New York",12.3
6,23,"Orlando",12.7
6,23,"Philadelphia",8.9
6,23,"Phoenix",8.7
6,23,"Pittsburgh",11.3
6,23,"Portland",7.8
6,23,"Raleigh",6.2
6,23,"Sacramento",7.5
6,23,"San Francisco",15
6,23,"Seattle",9.1
6,23,"St. Louis",5.4
6,23,"Tampa-St. Petersburg",8
6,23,"Washington DC",9.7
